# Sensor Strada Soldat Ion CiocodeicÄƒ, Sector 4, Romania (uRad Monitor/160000e0)
# https://aqicn.org/station/@109819/
# Daily pm10
date,min,max,median,q1,q3,stdev,count
2020-03-26T00:00:00.000Z,22,143,63,54,74,16.858,923
2020-03-27T00:00:00.000Z,35,125,53,47,64,15.788,1441
2020-03-28T00:00:00.000Z,29,74,42,39,54,10.113,829
2020-03-29T00:00:00.000Z,11,314,22,17,28,14.59,1381
2020-03-30T00:00:00.000Z,17,61,30,25,35,7.212,1331
2020-03-31T00:00:00.000Z,8,21,11,10,13,2.6,1186
2020-04-01T00:00:00.000Z,5,28,12,10,14,3.024,1404
2020-04-02T00:00:00.000Z,7,34,9,8,11,6.778,540
2020-04-03T00:00:00.000Z,10,65,26,16,41,14.819,395
2020-04-04T00:00:00.000Z,13,87,27,21,52,18.371,395
2020-04-05T00:00:00.000Z,14,38,23,20,26,5.21,356
2020-04-06T00:00:00.000Z,9,101,20,15,36,24.14,399
2020-04-07T00:00:00.000Z,7,39,13,10,18,6.045,344
2020-04-08T00:00:00.000Z,8,85,21,12,39,16.909,406
2020-04-09T00:00:00.000Z,14,48,27,20,37,9.26,365
2020-04-10T00:00:00.000Z,6,86,26,23,36,16.395,433
2020-04-11T00:00:00.000Z,7,58,18,12,31,14.382,370
2020-04-12T00:00:00.000Z,9,62,26,19,34,10.251,398
2020-04-13T00:00:00.000Z,7,68,18,16,31,10.562,384
2020-04-14T00:00:00.000Z,6,45,29,21,32,9.991,363
2020-04-15T00:00:00.000Z,5,20,9,7,11,3.44,311
2020-04-16T00:00:00.000Z,7,21,14,10,15,3.174,314
2020-04-17T00:00:00.000Z,7,54,19,13,23,8.519,380
2020-04-18T00:00:00.000Z,8,86,27,14,39,17.59,423
2020-04-19T00:00:00.000Z,12,26,18,14,21,3.586,351
2020-04-20T00:00:00.000Z,7,21,11,9,13,2.972,335
2020-04-21T00:00:00.000Z,9,21,14,12,15,2.454,339
2020-04-22T00:00:00.000Z,10,28,17,14,20,4.15,331
2020-04-23T00:00:00.000Z,6,36,18,10,22,7.601,373
2020-04-24T00:00:00.000Z,7,28,14,11,18,4.295,335
2020-04-25T00:00:00.000Z,9,25,15,12,17,2.971,332
2020-04-26T00:00:00.000Z,5,19,8,7,10,2.734,321
2020-04-27T00:00:00.000Z,6,51,9,8,12,8.926,327
2020-04-28T00:00:00.000Z,8,42,16,11,20,7.975,373
2020-04-29T00:00:00.000Z,8,158,13,11,16,14.436,354
2020-04-30T00:00:00.000Z,5,28,10,8,18,5.594,333
2020-05-01T00:00:00.000Z,5,36,15,10,22,8.305,344
2020-05-02T00:00:00.000Z,5,19,9,8,11,2.822,321
2020-05-03T00:00:00.000Z,6,19,12,8,15,3.436,312
2020-05-04T00:00:00.000Z,4,20,7,6,8,2.239,300
2020-05-05T00:00:00.000Z,5,25,11,8,14,4.191,332
2020-05-06T00:00:00.000Z,6,17,9,8,12,2.593,305
2020-05-07T00:00:00.000Z,4,28,10,6,12,5.215,335
2020-05-08T00:00:00.000Z,7,87,15,10,25,17.289,427
2020-05-09T00:00:00.000Z,8,59,17,13,29,12.077,426
2020-05-10T00:00:00.000Z,9,46,19,16,31,10.01,188
2020-05-11T00:00:00.000Z,8,24,15,13,18,3.839,216
2020-05-12T00:00:00.000Z,4,19,7,6,12,3.345,306
2020-05-13T00:00:00.000Z,4,16,8,6,11,2.788,321
2020-05-14T00:00:00.000Z,5,34,10,8,12,3.898,330
2020-05-15T00:00:00.000Z,7,74,12,10,17,10.056,370
2020-05-16T00:00:00.000Z,7,18,12,10,14,2.507,329
2020-05-17T00:00:00.000Z,9,133,15,13,17,17.071,373
2020-05-18T00:00:00.000Z,9,23,12,11,14,3.181,340
2020-05-19T00:00:00.000Z,10,35,18,14,21,5.943,355
2020-05-20T00:00:00.000Z,7,43,15,12,23.5,9.159,344
2020-05-21T00:00:00.000Z,5,15,8,7,10,1.946,304
2020-05-22T00:00:00.000Z,5,20,8,7,9,3.041,328
2020-05-23T00:00:00.000Z,6,89,9,8,12,12.925,1016
2020-05-24T00:00:00.000Z,5,41,11,9,15,5.613,1356
2020-05-25T00:00:00.000Z,4,14,6,6,9,2.452,1300
2020-05-26T00:00:00.000Z,5,31,10,8,11,3.283,1381
2020-05-27T00:00:00.000Z,4,30,7,5,12,6.642,1354
2020-05-28T00:00:00.000Z,4,27,9,7,11,2.806,1350
2020-05-29T00:00:00.000Z,4,62,9,7,11,6.726,1355
2020-05-30T00:00:00.000Z,5,19,11,9,13,2.651,1352
2020-05-31T00:00:00.000Z,5,106,9,7,10,10.425,1362
2020-06-01T00:00:00.000Z,4,22,7,6,9,2.328,1237
2020-06-02T00:00:00.000Z,5,12,7,6,8,1.487,1346
2020-06-03T00:00:00.000Z,4,24,9,6,12,3.87,1374
2020-06-04T00:00:00.000Z,5,19,9,6,12,3.13,1340
2020-06-05T00:00:00.000Z,6,34,9,8,14,4.897,1352
2020-06-06T00:00:00.000Z,5,41,9,7,14,4.742,1369
2020-06-07T00:00:00.000Z,6,15,10,9,12,2.013,1364
2020-06-08T00:00:00.000Z,9,28,15,12,17,4.014,1350
2020-06-09T00:00:00.000Z,9,32,17,13,25,6.023,1342
2020-06-10T00:00:00.000Z,5,16,9,8,13,2.948,1341
2020-06-11T00:00:00.000Z,7,23,10,8,10,1.991,1329
2020-06-12T00:00:00.000Z,6,18,11,9,14,2.561,1340
2020-06-13T00:00:00.000Z,8,32,12,11,13,2.19,1344
2020-06-14T00:00:00.000Z,9,38,14,13,18,4.418,1331
2020-06-15T00:00:00.000Z,4,26,17,14,19,4.058,1344
2020-06-16T00:00:00.000Z,7,28,11,10,17,4.877,1372
2020-06-17T00:00:00.000Z,7,22,13,10,16,3.616,1352
2020-06-18T00:00:00.000Z,11,77,18,16,22,3.866,1363
2020-06-19T00:00:00.000Z,5,25,14,8,18,4.978,1358
2020-06-20T00:00:00.000Z,5,16,8,7,11,2.391,1358
2020-06-21T00:00:00.000Z,5,28,11,9,12,2.552,1344
2020-06-22T00:00:00.000Z,6,64,11,10,13,5.19,1357
2020-06-23T00:00:00.000Z,6,19,9,8,11,2.156,1357
2020-06-24T00:00:00.000Z,6,37,12,11,16,4.045,1365
2020-06-25T00:00:00.000Z,6,19,10,8,12,2.834,1357
2020-06-26T00:00:00.000Z,6,25,12,9,14,3.012,1351
2020-06-27T00:00:00.000Z,6,28,13,9,18,5.113,1324
2020-06-28T00:00:00.000Z,7,28,13,10,16,3.43,1341
2020-06-29T00:00:00.000Z,12,30,19,16,22,4.332,1270
2020-06-30T00:00:00.000Z,5,36,20,12,25,7.89,1287
2020-07-01T00:00:00.000Z,6,19,10,9,13,2.541,1237
2020-07-02T00:00:00.000Z,5,24,10,7,16,4.832,1247
2020-07-03T00:00:00.000Z,6,27,10,9,12,3.694,1299
2020-07-04T00:00:00.000Z,8,23,16,14,17,2.487,1313
2020-07-05T00:00:00.000Z,7,20,10,9,13,2.145,1254
2020-07-06T00:00:00.000Z,8,13,10,9,11,1.06,815
2020-07-07T00:00:00.000Z,5,29,12,9,14,3.257,1210
2020-07-08T00:00:00.000Z,4,31,6,5,8,5.478,1270
2020-07-09T00:00:00.000Z,5,15,9,8,11,1.584,1126
2020-07-10T00:00:00.000Z,4,16,8,6,11,3.138,1270
2020-07-11T00:00:00.000Z,5,18,8,7,9,1.57,1187
2020-07-12T00:00:00.000Z,7,43,11,10,13,3.89,1130
2020-07-13T00:00:00.000Z,3,24,6,5,8,1.805,924
2020-07-14T00:00:00.000Z,4,15,7,6,9,2.285,1254
2020-07-15T00:00:00.000Z,5,51,9,8,11,4.459,1283
2020-07-16T00:00:00.000Z,7,86,10,9,13,5.654,1288
2020-07-17T00:00:00.000Z,7,22,11,10,13,2.329,1277
2020-07-18T00:00:00.000Z,6,16,10,8,13,2.706,1294
2020-07-19T00:00:00.000Z,9,29,14,13,17,3.58,1287
2020-07-20T00:00:00.000Z,5,23,13,7,17,5.094,1163
2020-07-21T00:00:00.000Z,6,60,13,8,18,8.717,1019
2020-07-22T00:00:00.000Z,8,32,12,10,14,3.239,1232
2020-07-23T00:00:00.000Z,6,19,11,10,13,2.019,1232
2020-07-24T00:00:00.000Z,7,166,12,10,14,17.347,1114
2020-07-25T00:00:00.000Z,7,13,9,8,9,1.18,1291
2020-07-26T00:00:00.000Z,8,123,13,10.5,15,12.812,1225
2020-07-27T00:00:00.000Z,9,23,15,13,17,2.979,1248
2020-07-28T00:00:00.000Z,9,59,15,13,18,8.38,1197
2020-07-29T00:00:00.000Z,8,55,13,10,17,5.615,1198
2020-07-30T00:00:00.000Z,10,52,13,12,16,4.369,1170
2020-07-31T00:00:00.000Z,8,32,13,11,17,4.603,1153
2020-08-01T00:00:00.000Z,7,41,12,11,15,4.481,1190
2020-08-02T00:00:00.000Z,4,11,7,6,8,1.368,1130
2020-08-03T00:00:00.000Z,5,16,7,6,9,2.165,1065
2020-08-04T00:00:00.000Z,5,15,7,6,8,1.898,1233
2020-08-05T00:00:00.000Z,5,22,7,7,8,1.977,1369
2020-08-06T00:00:00.000Z,7,16,9,8,10,1.561,1369
2020-08-07T00:00:00.000Z,8,18,10,10,11,1.989,1352
2020-08-08T00:00:00.000Z,9,17,13,11,14,1.864,1362
2020-08-09T00:00:00.000Z,4,14,7,7,9,2.108,1358
2020-08-10T00:00:00.000Z,7,46,9,8,10,2.338,1338
2020-08-11T00:00:00.000Z,8,28,11,10,12,1.623,1328
2020-08-12T00:00:00.000Z,7,25,11,10,12,2.85,1319
2020-08-13T00:00:00.000Z,7,56,10,9,14,5.235,1330
2020-08-14T00:00:00.000Z,7,19,13,12,15,2.485,1351
2020-08-15T00:00:00.000Z,5,24,8,7,9,2.882,1339
2020-08-16T00:00:00.000Z,6,15,9,8,11,2.092,1313
2020-08-17T00:00:00.000Z,5,29,9,8,11,2.469,1359
2020-08-18T00:00:00.000Z,5,21,9,8,12,2.959,1353
2020-08-19T00:00:00.000Z,8,20,13,12,15,2.316,1349
2020-08-20T00:00:00.000Z,4,238,11,9,14,9.543,1365
2020-08-21T00:00:00.000Z,9,67,13,11,18,7.745,1331
2020-08-22T00:00:00.000Z,12,100,17,15,18,4.705,1305
2020-08-23T00:00:00.000Z,10,21,14,12,16,1.999,1334
2020-08-24T00:00:00.000Z,8,40,14,11,17,3.472,1278
2020-08-25T00:00:00.000Z,6,20,10,9,13,3.186,1280
2020-08-26T00:00:00.000Z,6,21,10,9,14,3.487,1289
2020-08-27T00:00:00.000Z,5,23,10,7,15,4.253,1377
2020-08-28T00:00:00.000Z,5,23,8,7,10,3.273,1308
2020-08-29T00:00:00.000Z,6,63,9,7,14,5.109,1304
2020-08-30T00:00:00.000Z,5,17,8,7,10,2.348,1332
2020-08-31T00:00:00.000Z,6,43,11,9,14,3.683,1332
2020-09-01T00:00:00.000Z,4,48,9,6,11,4.718,1343
2020-09-02T00:00:00.000Z,7,61,13,10,16,5.365,1308
2020-09-03T00:00:00.000Z,9,21,13,12,15,1.933,1300
2020-09-04T00:00:00.000Z,6,18,11,10,13,2.458,1246
2020-09-05T00:00:00.000Z,6,26,14,9,16,4.097,1307
2020-09-06T00:00:00.000Z,7,60,17,10,23,13.176,1311
2020-09-07T00:00:00.000Z,7,39,14,12,17,4.758,1274
2020-09-08T00:00:00.000Z,6,26,12,10,17,4.958,1197
2020-09-09T00:00:00.000Z,7,20,10,8,13,2.872,1197
2020-09-10T00:00:00.000Z,10,47,17,15,19,5.678,1197
2020-09-11T00:00:00.000Z,9,29,13,12,14,2.358,1125
2020-09-12T00:00:00.000Z,7,23,10,9,11,1.834,1043
2020-09-13T00:00:00.000Z,6,48,13,10,17,10.7,1182
2020-09-14T00:00:00.000Z,10,47,15,13,18,4.27,1121
2020-09-15T00:00:00.000Z,5,16,8,7,11,2.432,1134
2020-09-16T00:00:00.000Z,6,18,10,8,12,2.118,1240
2020-09-17T00:00:00.000Z,7,42,16,11,21,8.401,1179
2020-09-18T00:00:00.000Z,5,23,8,7,9,4.363,1163
2020-09-19T00:00:00.000Z,4,28,7,6,13,6.059,1221
2020-09-20T00:00:00.000Z,5,29,10,6,13,4.297,1222
2020-09-21T00:00:00.000Z,4,15,8,6,10,2.478,1210
2020-09-22T00:00:00.000Z,2,25,5,4,6,1.914,1229
2020-09-23T00:00:00.000Z,3,9,5,4,6,1.464,1259
2020-09-24T00:00:00.000Z,5,17,7,6,9,2.531,1260
2020-09-25T00:00:00.000Z,5,16,8,7,11,2.691,1279
2020-09-26T00:00:00.000Z,2,18,6,4,11,3.552,1285
2020-09-27T00:00:00.000Z,2,15,3,2,6,2.925,1296
2020-09-28T00:00:00.000Z,3,8,4,3,5,1.142,1245
2020-09-29T00:00:00.000Z,2,8,4,3,5,1.507,1258
2020-09-30T00:00:00.000Z,2,7,4,3,5,1.221,1210
2020-10-01T00:00:00.000Z,4,10,5,5,7,1.326,1104
2020-10-02T00:00:00.000Z,3,33,8,5,11,5.079,1090
2020-10-03T00:00:00.000Z,3,17,9,7,12,3.191,1099
2020-10-04T00:00:00.000Z,4,54,7,6,10,3.299,1118
2020-10-05T00:00:00.000Z,5,21,9,8,10,1.575,1137
2020-10-06T00:00:00.000Z,2,14,8,4,8,2.858,1138
2020-10-07T00:00:00.000Z,2,10,5,4,6,1.243,1159
2020-10-08T00:00:00.000Z,3,9,5,4,6,1.288,1181
2020-10-09T00:00:00.000Z,3,9,5,4,5,1.098,1179
2020-10-10T00:00:00.000Z,4,54,7,6,16,9.153,1239
2020-10-11T00:00:00.000Z,4,33,11,7,13,6.455,1252
2020-10-12T00:00:00.000Z,3,24,7,5,13,4.191,1187
2020-10-13T00:00:00.000Z,2,13,6,4,10,3.246,1250
2020-10-14T00:00:00.000Z,3,24,5,4,10,4.219,1251
2020-10-15T00:00:00.000Z,4,15,8,7,10,2.491,1245
2020-10-16T00:00:00.000Z,3,36,9,6,12,3.789,1251
2020-10-17T00:00:00.000Z,3,10,6,4,6,1.645,1235
2020-10-18T00:00:00.000Z,4,84,6,5,10,7.881,1221
2020-10-19T00:00:00.000Z,5,21,8,7,12,3.827,1236
2020-10-20T00:00:00.000Z,4,22,9,7,17,5.289,1253
2020-10-21T00:00:00.000Z,5,30,15,9,17,5.565,1221
2020-10-22T00:00:00.000Z,7,52,15,11,19,8.479,1231
2020-10-23T00:00:00.000Z,6,57,20,17,23,7.471,1189
2020-10-24T00:00:00.000Z,18,65,24,23,33,11.065,1247
2020-10-25T00:00:00.000Z,7,27,12,10,19,5.43,1357
2020-10-26T00:00:00.000Z,8,34,20,12,26,7.136,1271
2020-10-27T00:00:00.000Z,12,29,19,18,22,3.581,1269
2020-10-28T00:00:00.000Z,13,29,17,16,18,2.107,1246
2020-10-29T00:00:00.000Z,13,30,19,16,24,3.503,1272
2020-10-30T00:00:00.000Z,4,22,16,8,18,5.672,1282
2020-10-31T00:00:00.000Z,5,20,9,8,10,2.887,1289
2020-11-01T00:00:00.000Z,4,25,8,7,16,5.268,1300
2020-11-02T00:00:00.000Z,7,42,15,13,24,8.112,1270
2020-11-03T00:00:00.000Z,10,29,20,14,22,5.004,1263
2020-11-04T00:00:00.000Z,3,28,11,7,12,3.504,1025
2020-11-05T00:00:00.000Z,9,55,13,11,16,6.348,1004
2020-11-06T00:00:00.000Z,10,47,15,13,20,4.874,1017
2020-11-07T00:00:00.000Z,7,70,20,12,48,19.096,1125
2020-11-08T00:00:00.000Z,8,66,26,14,44,16.689,1055
2020-11-09T00:00:00.000Z,9,36,16,12,20,4.843,950
2020-11-10T00:00:00.000Z,4,14,9,8,10,2.113,994
2020-11-11T00:00:00.000Z,7,34,16,11,20,5.806,1081
2020-11-12T00:00:00.000Z,11,37,15,13,21,7.079,1073
2020-11-13T00:00:00.000Z,21,54,38,30,42,7.635,1037
2020-11-14T00:00:00.000Z,25,57,39,35,45,6.671,1069
2020-11-15T00:00:00.000Z,15,91,40,34,53,15.192,989
2020-11-16T00:00:00.000Z,18,75,44,35,58,14.421,954
2020-11-17T00:00:00.000Z,27,86,54,45,58,10.993,1040
2020-11-18T00:00:00.000Z,7,67,21,13,26,19.644,1106
2020-11-19T00:00:00.000Z,7,41,25,22,27,5.356,1050
2020-11-20T00:00:00.000Z,8,27,12,11,18,4.553,1095
2020-11-21T00:00:00.000Z,5,16,9,7,13,3.08,1054
2020-11-22T00:00:00.000Z,13,45,19,15,24,6.146,1025
2020-11-23T00:00:00.000Z,14,52,23,20,39.5,10.042,953
2020-11-24T00:00:00.000Z,16,113,44,34,47,12.826,972
2020-11-25T00:00:00.000Z,21,62,49,43,52,8.369,957
2020-11-26T00:00:00.000Z,35,309,53,48,57,18.585,982
2020-11-27T00:00:00.000Z,32,102,44,39,49,8.504,965
2020-11-28T00:00:00.000Z,26,75,55,48,59,9.999,1010
2020-11-29T00:00:00.000Z,23,51,32,29,35,5.416,1016
2020-11-30T00:00:00.000Z,12,56,24,21,30,7.581,871
2020-12-01T00:00:00.000Z,15,51,25,23,31,6.501,908
2020-12-02T00:00:00.000Z,21,47,30,28,34,5.106,934
2020-12-03T00:00:00.000Z,14,37,26,24,29,4.212,815
2020-12-04T00:00:00.000Z,15,30,24,22,26,2.865,660
2020-12-05T00:00:00.000Z,13,37,21,18,24,4.651,865
2020-12-06T00:00:00.000Z,8,23,14,13,17,2.997,1044
2020-12-07T00:00:00.000Z,12,28,19,18,20,1.811,982
2020-12-08T00:00:00.000Z,8,21,13,12,15,2.301,998
2020-12-09T00:00:00.000Z,8,34,21,16,28,7.42,1077
2020-12-10T00:00:00.000Z,5,53,18,11,27,11.057,1056
2020-12-11T00:00:00.000Z,12,33,20,19,24,3.827,999
2020-12-12T00:00:00.000Z,7,19,10,9,11,1.463,1011
2020-12-13T00:00:00.000Z,8,67,18,12,24,8.621,1050
2020-12-14T00:00:00.000Z,10,37,22,18,26,6.033,990
2020-12-15T00:00:00.000Z,18,52,25,23,30,6.291,1041
2020-12-16T00:00:00.000Z,17,45,27,24,30,4.608,1008
2020-12-17T00:00:00.000Z,14,57,24,22,28,5.99,970
2020-12-18T00:00:00.000Z,12,35,22,20,27,4.866,1033
2020-12-19T00:00:00.000Z,8,46,24,21,26,4.814,1014
2020-12-20T00:00:00.000Z,10,35,20,18,27,5.46,1084
2020-12-21T00:00:00.000Z,14,32,22,19,24,3.624,1032
2020-12-22T00:00:00.000Z,19,43,30,27,32,4.162,993
2020-12-23T00:00:00.000Z,15,40,27,22,31,5.236,1069
2020-12-24T00:00:00.000Z,23,136,44,37,65,21.872,993
2020-12-25T00:00:00.000Z,20,111,43.5,29,50,16.686,1036
2020-12-26T00:00:00.000Z,3,39,8,6,11,7.312,1083
2020-12-27T00:00:00.000Z,7,26,15,13,16,3.227,1060
2020-12-28T00:00:00.000Z,8,38,16,12,18,5.841,1013
2020-12-29T00:00:00.000Z,6,115,17,10,77,34.806,1055
2020-12-30T00:00:00.000Z,23,72,38,34,42,8.362,1077
2020-12-31T00:00:00.000Z,12,206,29,24,36,23.209,1083
2021-01-01T00:00:00.000Z,9,131,25,15,30,14.792,1059
2021-01-02T00:00:00.000Z,13,40,28,24,31,5.277,1048
2021-01-03T00:00:00.000Z,12,43,19,17,24,6.513,1029
2021-01-04T00:00:00.000Z,13,33,24,20,27,4.153,1023
2021-01-05T00:00:00.000Z,7,29,18,14,23,5.707,948
2021-01-06T00:00:00.000Z,14,49,29,23,36,7.952,959
2021-01-07T00:00:00.000Z,7,45,18,14,38,12.151,1021
2021-01-08T00:00:00.000Z,4,16,12,9,14,2.748,1007
2021-01-09T00:00:00.000Z,9,60,17,13,35,13.482,993
2021-01-10T00:00:00.000Z,9,64,19,16,26,10.986,1055
2021-01-11T00:00:00.000Z,7,27,17,14,19,3.79,982
2021-01-12T00:00:00.000Z,13,38,24,19,27,4.792,1010
2021-01-13T00:00:00.000Z,15,45,26,18,33,7.934,985
2021-01-14T00:00:00.000Z,15,50,27,21,32,6.928,942
2021-01-15T00:00:00.000Z,20,61,34,30,41,8.016,1020
2021-01-16T00:00:00.000Z,12,52,24,19,29,7.069,969
2021-01-17T00:00:00.000Z,16,65,28,23.5,51,14.172,969
2021-01-18T00:00:00.000Z,29,80,49,45,57,8.492,890
2021-01-19T00:00:00.000Z,35,88,57,48,65,11.006,826
2021-01-20T00:00:00.000Z,16,72,42,29,53,14.015,950
2021-01-21T00:00:00.000Z,15,86,32,26,60,20.192,950
2021-01-22T00:00:00.000Z,22,125,68,46,83,25.108,985
2021-01-23T00:00:00.000Z,23,108,75.5,48,85,23.877,646
2021-01-24T00:00:00.000Z,12,85,41,25,49,15.818,994
2021-01-25T00:00:00.000Z,5,36,15,12,18,5.873,962
2021-01-26T00:00:00.000Z,12,62,23,17,33,9.766,983
2021-01-27T00:00:00.000Z,9,37,23,16,25,5.567,950
2021-01-28T00:00:00.000Z,11,42,23,21,28,5.971,982
2021-01-29T00:00:00.000Z,13,61,23,19,44,13.126,1005
2021-01-30T00:00:00.000Z,15,66,40.5,33,48,11.503,988
2021-01-31T00:00:00.000Z,10,40,25,18,28,6.5,990
2021-02-01T00:00:00.000Z,14,50,24,19,31,8.163,902
2021-02-02T00:00:00.000Z,18,44,26,23,35,6.874,906
2021-02-03T00:00:00.000Z,15,35,22,20,24,3.287,959
2021-02-04T00:00:00.000Z,10,22,15,13,17,2.257,956
2021-02-05T00:00:00.000Z,11,40,21,17,32,7.978,920
2021-02-06T00:00:00.000Z,10,39,27,22,31,6.489,928
2021-02-07T00:00:00.000Z,10,22,15,14,16,1.645,989
2021-02-08T00:00:00.000Z,10,31,18,17,21,4.013,1000
2021-02-09T00:00:00.000Z,5,40,18,14,21,6.876,974
2021-02-10T00:00:00.000Z,4,43,16,11,29,10.79,984
2021-02-11T00:00:00.000Z,11,50,26,17,31,8.701,959
2021-02-12T00:00:00.000Z,10,33,22,18,25,4.987,1011
2021-02-13T00:00:00.000Z,10,34,18,15,21,4.728,1021
2021-02-14T00:00:00.000Z,14,52,23,22,27,6.889,1002
2021-02-15T00:00:00.000Z,11,78,28,24,33,12.954,979
2021-02-16T00:00:00.000Z,8,44,26,18,32,8.581,970
2021-02-17T00:00:00.000Z,21,67,39,30,46,10.168,1004
2021-02-18T00:00:00.000Z,26,86,57,52,62,9.284,1032
2021-02-19T00:00:00.000Z,21,54,33,29,39,7.574,995
2021-02-20T00:00:00.000Z,38,74,58,52,62,6.896,1050
2021-02-21T00:00:00.000Z,41,80,60,54,64,7.572,1054
2021-02-22T00:00:00.000Z,46,135,65,58,77,16.068,976
2021-02-23T00:00:00.000Z,45,149,97,78,109.5,19.856,948
2021-02-24T00:00:00.000Z,52,147,74,67,110,25.696,973
2021-02-25T00:00:00.000Z,38,146,92,70,111,27.822,964
2021-02-26T00:00:00.000Z,22,119,62,45,99,28.194,947
2021-02-27T00:00:00.000Z,11,80,46,17,62,22.766,950
2021-02-28T00:00:00.000Z,8,95,14,12,39,17.832,1041
2021-03-01T00:00:00.000Z,9,114,28,19,42,18.55,1005
2021-03-02T00:00:00.000Z,13,57,24,18,40,12.273,970
2021-03-03T00:00:00.000Z,28,70,47,35,54,10.28,987
2021-03-04T00:00:00.000Z,33,113,63,47,79,18.665,977
2021-03-05T00:00:00.000Z,26,101,44,35,59,17.687,1054
2021-03-06T00:00:00.000Z,10,65,21,14,32,12.501,1055
2021-03-07T00:00:00.000Z,14,46,35,19,38,9.517,586
2021-03-08T00:00:00.000Z,23,115,41,32,68,24.399,815
2021-03-09T00:00:00.000Z,8,81,19,14,32,13.399,1034
2021-03-10T00:00:00.000Z,13,38,22,19,25,4.32,1013
2021-03-11T00:00:00.000Z,22,85,32,30,59,16.704,1017
2021-03-12T00:00:00.000Z,29,105,54,47,65,14.573,1049
2021-03-13T00:00:00.000Z,37,110,69,60,74,11.963,1055
2021-03-14T00:00:00.000Z,20,554,53,38,76.5,110.252,1060
2021-03-15T00:00:00.000Z,18,219,59,53,99.5,50.439,972
2021-03-16T00:00:00.000Z,9,32,18,15,21,4.248,979
2021-03-17T00:00:00.000Z,6,37,12,10,15,4.512,992
2021-03-18T00:00:00.000Z,9,38,17,12,24,7.382,972
2021-03-19T00:00:00.000Z,12,59,22,19,27,8.122,1015
2021-03-20T00:00:00.000Z,17,67,31,24,47,12.355,1015
2021-03-21T00:00:00.000Z,16,50,28,24,34,7.081,962
2021-03-22T00:00:00.000Z,14,54,24,20,34,9.343,974
2021-03-23T00:00:00.000Z,9,45,19,14,26,8.617,1153
2021-03-24T00:00:00.000Z,7,30,12,10,18,4.402,1004
2021-03-25T00:00:00.000Z,16,50,24,20,34,8.433,978
2021-03-26T00:00:00.000Z,16,131,40,24,58,21.546,971
2021-03-27T00:00:00.000Z,18,137,48,31,62,22.232,924
2021-03-28T00:00:00.000Z,8,112,29,23,75,29.864,670
2021-03-29T00:00:00.000Z,8,64,15,11,21,12.371,693
2021-03-30T00:00:00.000Z,16,54,26,23,35,7.088,722
2021-03-31T00:00:00.000Z,25,77,36,33,42,8.908,710
2021-04-01T00:00:00.000Z,20,70,34,30,36,6.33,724
2021-04-02T00:00:00.000Z,11,44,23,18,27,5.701,697
2021-04-03T00:00:00.000Z,9,43,17,14,20,6.54,735
2021-04-04T00:00:00.000Z,8,38,26,19,30,6.792,727
2021-04-05T00:00:00.000Z,9,43,26,16,34,9.662,723
2021-04-06T00:00:00.000Z,10,80,30,13,37,13.413,692
2021-04-07T00:00:00.000Z,12,35,19,17,24,4.514,640
2021-04-08T00:00:00.000Z,10,101,25,17,33,21.496,689
2021-04-09T00:00:00.000Z,11,88,26,14,31,15.58,673
2021-04-10T00:00:00.000Z,10,116,25,14,34,16.471,1080
2021-04-11T00:00:00.000Z,11,73,20,15,30,12.441,1258
2021-04-12T00:00:00.000Z,11,71,29,20,41,14.123,1279
2021-04-13T00:00:00.000Z,7,74,22,14,42,16.64,1280
2021-04-14T00:00:00.000Z,10,43,21,15,32,8.514,1318
2021-04-15T00:00:00.000Z,6,30,12,10,18,4.942,1292
2021-04-16T00:00:00.000Z,8,33,21,14,25,5.923,1280
2021-04-17T00:00:00.000Z,11,53,20,16,27,6.236,1269
2021-04-18T00:00:00.000Z,12,39,22,18,27,5.59,1273
2021-04-19T00:00:00.000Z,13,47,26,20,29,7.462,1294
2021-04-20T00:00:00.000Z,12,47,27,23,30,6.029,1270
2021-04-21T00:00:00.000Z,11,63,21,16,28,11.847,1283
2021-04-22T00:00:00.000Z,11,93,29,17,39,13.065,1273
2021-04-23T00:00:00.000Z,8,103,16,12,20,14.377,1272
2021-04-24T00:00:00.000Z,11,67,18,15,26,10.391,1258
2021-04-25T00:00:00.000Z,8,38,17,11,24,7.261,1271
2021-04-26T00:00:00.000Z,11,61,17,15,19,3.763,1254
2021-04-27T00:00:00.000Z,13,37,22,19,26,5.237,1272
2021-04-28T00:00:00.000Z,15,37,24,20,27,4.295,1280
2021-04-29T00:00:00.000Z,17,42,25,22,29,5.189,1295
2021-04-30T00:00:00.000Z,10,47,23,17,34,9.021,1292
2021-05-01T00:00:00.000Z,8,461,18,12,21,21.764,1255
2021-05-02T00:00:00.000Z,6,44,16,11,24,8.143,1287
2021-05-03T00:00:00.000Z,6,18,9,8,11,1.853,1268
2021-05-04T00:00:00.000Z,5,28,11,9,13,4.404,1263
2021-05-05T00:00:00.000Z,10,66,20,15,25,7.291,1283
2021-05-06T00:00:00.000Z,5,35,11,7,21,8.277,1284
2021-05-07T00:00:00.000Z,6,27,12,9,16,5.154,1279
2021-05-08T00:00:00.000Z,4,32,11,8,14,4.482,1273
2021-05-09T00:00:00.000Z,7,22,10,9,14,3.947,1265
2021-05-10T00:00:00.000Z,6,87,10,9,14,9.491,1277
2021-05-11T00:00:00.000Z,5,32,9,8,12,4.545,1278
2021-05-12T00:00:00.000Z,5,30,12,8,16,5.167,1271
2021-05-13T00:00:00.000Z,11,39,19,16,23,4.749,1248
2021-05-14T00:00:00.000Z,4,19,11,7,13,3.688,1277
2021-05-15T00:00:00.000Z,6,130,14,10,18,9.653,1251
2021-05-16T00:00:00.000Z,7,25,14,12,18,4.014,1236
2021-05-17T00:00:00.000Z,5,24,12,8,14,3.629,1255
2021-05-18T00:00:00.000Z,4,14,6,5,7,2.073,1264
2021-05-19T00:00:00.000Z,4,54,6,5,8,3.941,1205
2021-05-20T00:00:00.000Z,6,33,12,11,20,6.414,1282
2021-05-21T00:00:00.000Z,6,44,11,9,18,6.19,1227
2021-05-22T00:00:00.000Z,6,34,13,10,16,4.113,1254
2021-05-23T00:00:00.000Z,8,100,14,10,22,16.199,1261
2021-05-24T00:00:00.000Z,8,63,13,11,20,8.969,658
2021-05-25T00:00:00.000Z,8,91,14,10,15,7.987,874
2021-05-26T00:00:00.000Z,6,23,12,10,14,2.439,1265
2021-05-27T00:00:00.000Z,9,85,13,11,16,7.183,1298
2021-05-28T00:00:00.000Z,7,39,16,10,21,7.046,1248
2021-05-29T00:00:00.000Z,6,40,15,12,22,6.579,1241
2021-05-30T00:00:00.000Z,8,33,14,13,18,4.667,1260
2021-05-31T00:00:00.000Z,6,727,12,9,14,58.131,1269
2021-06-01T00:00:00.000Z,5,14,9,7,10,1.88,1268
2021-06-02T00:00:00.000Z,5,23,9,7,10,3.36,1270
2021-06-03T00:00:00.000Z,5,57,10,8,12,7.611,1276
2021-06-04T00:00:00.000Z,7,205,11,9,13,10.12,1280
2021-06-05T00:00:00.000Z,8,45,20,13,23,6.82,1278
2021-06-06T00:00:00.000Z,9,81,16,12,19,5.509,1289
2021-06-07T00:00:00.000Z,8,42,14,12,18,4.149,1252
2021-06-08T00:00:00.000Z,8,40,16,13,19,3.972,1265
2021-06-09T00:00:00.000Z,9,77,14,13,22,5.651,1247
2021-06-10T00:00:00.000Z,8,24,13,11,16,3.086,1250
2021-06-11T00:00:00.000Z,9,60,16,12,20,5.348,1243
2021-06-12T00:00:00.000Z,8,24,16,13,19,3.382,1273
2021-06-13T00:00:00.000Z,4,28,14,10,16,5.139,1275
2021-06-14T00:00:00.000Z,4,11,7,7,9,1.233,1250
2021-06-15T00:00:00.000Z,5,43,9,7,12,7.283,1265
2021-06-16T00:00:00.000Z,7,25,13,11,15,3.069,1291
2021-06-17T00:00:00.000Z,6,24,13,11,15,3.262,1245
2021-06-18T00:00:00.000Z,9,32,14,12,16,2.897,1235
2021-06-19T00:00:00.000Z,5,14,9,8,11,2.112,1265
2021-06-20T00:00:00.000Z,9,56,14,12,15,6.651,1265
2021-06-21T00:00:00.000Z,9,44,15,12,23,6.627,1299
2021-06-22T00:00:00.000Z,11,70,17,15,20,6.852,1262
2021-06-23T00:00:00.000Z,10,29,15,13,18,4.275,1264
2021-06-24T00:00:00.000Z,13,31,20,17,23,4.299,1255
2021-06-25T00:00:00.000Z,13,295,24,21,28,30.11,1279
2021-06-26T00:00:00.000Z,6,82,14,12,16,9.366,1264
2021-06-27T00:00:00.000Z,6,32,14,12,16,3.795,1235
2021-06-28T00:00:00.000Z,12,65,18,16,19,4.682,1278
2021-06-29T00:00:00.000Z,13,99,21,16,24,7.924,1276
2021-06-30T00:00:00.000Z,18,47,24,22,28,4.864,1255
2021-07-01T00:00:00.000Z,8,56,17,15,19,5.849,1265
2021-07-02T00:00:00.000Z,6,29,12,10,18,4.583,1275
2021-07-03T00:00:00.000Z,6,369,10,8,11,23.182,1281
2021-07-04T00:00:00.000Z,6,186,10,8,12,11.156,1272
2021-07-05T00:00:00.000Z,6,98,11,10,13,12.723,1263
2021-07-06T00:00:00.000Z,8,35,13,12,14,3.13,1271
2021-07-07T00:00:00.000Z,10,25,15,14,18,2.745,1273
2021-07-08T00:00:00.000Z,10,81,14,13,16,3.527,1224
2021-07-09T00:00:00.000Z,9,90,16,14,19,6.387,1142
2021-07-10T00:00:00.000Z,9,27,15,13,19,3.812,1176
2021-07-11T00:00:00.000Z,12,27,18,17,20,2.578,1201
2021-07-12T00:00:00.000Z,17,30,22,20,24,2.332,1203
2021-07-13T00:00:00.000Z,15,51,24,22,25,4.529,1178
2021-07-14T00:00:00.000Z,8,32,18,14,25,6.367,1202
2021-07-15T00:00:00.000Z,8,124,14,12,16,11.967,1183
2021-07-16T00:00:00.000Z,8,38,13,11,18,4.947,1170
2021-07-17T00:00:00.000Z,9,21,13,12,14,2.227,1175
2021-07-18T00:00:00.000Z,12,30,18,14,21,3.298,1228
2021-07-19T00:00:00.000Z,10,32,24,20,26,4.33,1167
2021-07-20T00:00:00.000Z,11,30,18,15,21,3.981,1045
2021-07-21T00:00:00.000Z,6,18,12,10,14,3.061,1208
2021-07-22T00:00:00.000Z,6,24,11,10,12,2.341,1185
2021-07-23T00:00:00.000Z,8,23,12,10,13,2.657,1177
2021-07-24T00:00:00.000Z,8,23,13,11,16,3.024,1157
2021-07-25T00:00:00.000Z,8,26,14,12,17,3.523,1144
2021-07-26T00:00:00.000Z,9,88,18,14,22,11.787,1186
2021-07-27T00:00:00.000Z,13,45,26,19,32,8.369,1199
2021-07-28T00:00:00.000Z,8,71,27,20,30,10.227,1158
2021-07-29T00:00:00.000Z,9,71,18,16,20,9.368,1198
2021-07-30T00:00:00.000Z,10,27,15,13,17,2.469,1179
2021-07-31T00:00:00.000Z,11,40,19,16,21,3.774,1092
2021-08-01T00:00:00.000Z,13,32,21,19,24,4.086,1164
2021-08-02T00:00:00.000Z,8,37,18,12,26,7.504,1211
2021-08-03T00:00:00.000Z,9,25,12,11,15,2.704,1301
2021-08-04T00:00:00.000Z,13,32,21,18,25,4.436,1273
2021-08-05T00:00:00.000Z,11,36,20,16,27,5.826,1165
2021-08-06T00:00:00.000Z,6,24,14,13,16,3.716,1193
2021-08-07T00:00:00.000Z,6,20,8,7,12,2.85,1221
2021-08-08T00:00:00.000Z,6,27,13,9,16,4.716,1225
2021-08-09T00:00:00.000Z,9,83,17,13,20,5.029,1180
2021-08-10T00:00:00.000Z,11,29,15,13,16,2.773,1179
2021-08-11T00:00:00.000Z,10,44,15,13,18,4.386,1180
2021-08-12T00:00:00.000Z,8,38,14,13,16,3.267,1156
2021-08-13T00:00:00.000Z,10,73,15,13,18,4.343,1001
2021-08-14T00:00:00.000Z,8,26,13,12,15,2.969,1021
2021-08-15T00:00:00.000Z,8,45,15,13,18,4.551,1062
2021-08-16T00:00:00.000Z,11,36,16,14,20,4.618,966
2021-08-17T00:00:00.000Z,5,54,11,9,12,3.229,978
2021-08-18T00:00:00.000Z,4,28,18,15,19,3.991,1061
2021-08-19T00:00:00.000Z,4,33,9,8,12,4.11,1057
2021-08-20T00:00:00.000Z,9,53,18,13,20,5.234,1085
2021-08-21T00:00:00.000Z,11,31,18,14,21,4.025,1095
2021-08-22T00:00:00.000Z,13,66,20,18,22,7.541,983
2021-08-23T00:00:00.000Z,10,24,16,14,20,3.383,1041
2021-08-24T00:00:00.000Z,9,67,18,14,20,5.729,1128
2021-08-25T00:00:00.000Z,12,24,19,18,20,2.163,82
2021-08-26T00:00:00.000Z,9,20,13,12,15,2.402,648
2021-08-27T00:00:00.000Z,11,25,17,14,19,3.047,877
2021-08-28T00:00:00.000Z,9,24,15,13,17,3.03,1077
2021-08-29T00:00:00.000Z,8,163,15,13,19,12.174,1040
2021-08-30T00:00:00.000Z,7,19,11,10,13,2.202,1084
2021-08-31T00:00:00.000Z,7,32,18,11,21,6.036,1130
2021-09-01T00:00:00.000Z,5,23,9,7,15,4.984,1121
2021-09-02T00:00:00.000Z,6,17,8,8,10,2.239,1098
2021-09-03T00:00:00.000Z,8,42,13,10,18,9.29,1130
2021-09-04T00:00:00.000Z,7,123,16,10,27,17.277,1071
2021-09-05T00:00:00.000Z,7,23,16,12,18,3.711,763
2021-09-06T00:00:00.000Z,6,26,10,9,13,4.159,848
2021-09-07T00:00:00.000Z,9,33,13,12,18,5.203,203
2021-09-08T00:00:00.000Z,6,38,11,8,13,6.646,666
2021-09-09T00:00:00.000Z,7,22,12,11,14,2.303,1127
2021-09-10T00:00:00.000Z,9,98,16,13,26,11.914,1129
2021-09-11T00:00:00.000Z,9,79,17,16,26.5,14.607,1161
2021-09-12T00:00:00.000Z,14,70,21,19,25,7.073,1265
2021-09-13T00:00:00.000Z,14,34,20,17,23,3.902,1280
2021-09-14T00:00:00.000Z,14,32,22,19,24,3.169,1271
2021-09-15T00:00:00.000Z,8,48,18,15,22,5.759,1279
2021-09-16T00:00:00.000Z,15,48,22,20,26,4.939,1218
2021-09-17T00:00:00.000Z,17,55,32,28,39,6.545,1200
2021-09-18T00:00:00.000Z,6,40,13,9,22,9.524,1270
2021-09-19T00:00:00.000Z,6,22,10,9,12,2.725,1075
2021-09-20T00:00:00.000Z,9,34,13,11,15,3.643,1205
2021-09-21T00:00:00.000Z,8,39,13,11,17,5.68,1158
2021-09-22T00:00:00.000Z,9,40,17,14,20,5.018,1062
2021-09-23T00:00:00.000Z,8,60,15,11,22,6.876,1212
2021-09-24T00:00:00.000Z,9,36,15,13,19,4.227,1160
2021-09-25T00:00:00.000Z,8,60,21,11,36,14.873,1126
2021-09-26T00:00:00.000Z,10,52,17,14,19,7.28,993
2021-09-27T00:00:00.000Z,10,50,19,16,23,8.036,1005
2021-09-28T00:00:00.000Z,8,59,15,12,17,6.5,1080
2021-09-29T00:00:00.000Z,10,37,16,14,18,3.658,1230
2021-09-30T00:00:00.000Z,12,58,20,18,25,7.016,1324
2021-10-01T00:00:00.000Z,9,55,17,14,20,7.272,1311
2021-10-02T00:00:00.000Z,9,63,16,14,21,6.94,1289
2021-10-03T00:00:00.000Z,8,49,26,16,31,10.097,1280
2021-10-04T00:00:00.000Z,7,86,36,14,44,17.345,1254
2021-10-05T00:00:00.000Z,11,126,26,16,36,20.182,1266
2021-10-06T00:00:00.000Z,8,37,16,13,17,4.458,1146
2021-10-07T00:00:00.000Z,11,67,17,15,23,8.549,1227
2021-10-08T00:00:00.000Z,11,25,16,15,18,2.115,1209
2021-10-09T00:00:00.000Z,12,49,21,18,23,4.127,1211
2021-10-10T00:00:00.000Z,13,62,22,19,24,7.597,1036
2021-10-11T00:00:00.000Z,17,38,23,21,32,5.452,1209
2021-10-12T00:00:00.000Z,24,56,34,33,41,6.09,1133
2021-10-13T00:00:00.000Z,31,57,41,37,44,4.964,1200
2021-10-14T00:00:00.000Z,15,43,30,21,33,6.551,1180
2021-10-15T00:00:00.000Z,21,42,29,27,33,3.542,1269
2021-10-16T00:00:00.000Z,11,31,21,16,25,4.358,1252
2021-10-17T00:00:00.000Z,8,59,18,15,36,13.472,914
2021-10-18T00:00:00.000Z,20,71,34,31,41,11.735,1030
2021-10-19T00:00:00.000Z,14,109,36,26,48,22.27,1294
2021-10-20T00:00:00.000Z,26,109,55,42,61,14.108,1189
2021-10-21T00:00:00.000Z,20,73,45,34,56,12.888,1240
2021-10-22T00:00:00.000Z,21,71,39,32,57,14.74,1270
2021-10-23T00:00:00.000Z,9,74,32,25,37,10.365,1173
2021-10-24T00:00:00.000Z,9,50,16,14,23,8.682,1221
2021-10-25T00:00:00.000Z,10,47,17,15,32,9.481,1197
2021-10-26T00:00:00.000Z,9,46,33,19,37,10.218,1163
2021-10-27T00:00:00.000Z,16,111,41,29,69,21.421,1233
2021-10-28T00:00:00.000Z,39,122,55,47,67,14.098,934
2021-10-29T00:00:00.000Z,26,125,78,51,94,25.373,1313
2021-10-30T00:00:00.000Z,23,96,51,38,67,17.803,1252
2021-10-31T00:00:00.000Z,18,52,26,23,33,7.409,1306
2021-11-01T00:00:00.000Z,27,64,38,34,49,9.66,1305
2021-11-02T00:00:00.000Z,20,84,39,31,52,13.429,1260
2021-11-03T00:00:00.000Z,20,97,35,30,44,15.766,1325
2021-11-04T00:00:00.000Z,23,66,40,37,45,9.807,1303
2021-11-05T00:00:00.000Z,20,218,59,41,67,36.257,1288
2021-11-06T00:00:00.000Z,12,88,33,22.5,68,23.146,1292
2021-11-07T00:00:00.000Z,18,69,33,30,50,11.648,1299
2021-11-08T00:00:00.000Z,18,84,55,47,60,14.505,997
2021-11-09T00:00:00.000Z,9,57,19,14,26,9.993,1209
2021-11-10T00:00:00.000Z,9,84,26,17,37,14.977,1284
2021-11-11T00:00:00.000Z,12,77,36,19,46,16.539,1280
2021-11-12T00:00:00.000Z,26,169,65,50,89,27.977,1264
2021-11-13T00:00:00.000Z,13,103,36,27,65,23.505,1283
2021-11-14T00:00:00.000Z,21,73,42,29,49,10.565,1149
2021-11-15T00:00:00.000Z,16,57,37,29,44,9.318,1213
2021-11-16T00:00:00.000Z,27,64,42,38,47,6.493,1238
2021-11-17T00:00:00.000Z,14,46,24,20,31,6.419,1289
2021-11-18T00:00:00.000Z,14,144,30,21,57,23.471,1266
2021-11-19T00:00:00.000Z,18,91,40,33,54,16.149,1316
2021-11-20T00:00:00.000Z,11,117,22,16,62,27.544,1270
2021-11-21T00:00:00.000Z,20,87,33,28,62,18.246,1301
2021-11-22T00:00:00.000Z,26,100,60,48,64,14.27,1219
2021-11-23T00:00:00.000Z,8,76,25,16,43,16.079,1222
2021-11-24T00:00:00.000Z,16,76,38,28,48,13.569,1257
2021-11-25T00:00:00.000Z,13,117,45,23,64,23.008,1267
2021-11-26T00:00:00.000Z,20,129,56,42,79,21.598,1303
2021-11-27T00:00:00.000Z,16,117,61,37,73,21.841,1283
2021-11-28T00:00:00.000Z,26,74,47,40,55,10.237,1268
2021-11-29T00:00:00.000Z,9,60,26,18,50,16.235,1247
2021-11-30T00:00:00.000Z,13,45,23,19,25,4.734,1256
2021-12-01T00:00:00.000Z,9,79,16,13,25,12.641,1255
2021-12-02T00:00:00.000Z,13,150,26,19,96,41.89,1299
2021-12-03T00:00:00.000Z,20,143,95,59,107,33.409,554
2021-12-04T00:00:00.000Z,11,64,31,24,38,10.405,1124
2021-12-05T00:00:00.000Z,17,67,34,27.5,43,10.121,1237
2021-12-06T00:00:00.000Z,15,55,31,24,36,7.402,1259
2021-12-07T00:00:00.000Z,14,39,23,20,28,5.43,1250
2021-12-08T00:00:00.000Z,9,59,31,20,42,12.949,1148
2021-12-09T00:00:00.000Z,33,69,49,45,54,6.492,1231
2021-12-10T00:00:00.000Z,21,71,36,32,43,10.783,1238
2021-12-11T00:00:00.000Z,10,37,23,16,26,6.18,1135
2021-12-12T00:00:00.000Z,10,33,17,13,22,5.447,1106
2021-12-13T00:00:00.000Z,14,68,35,23,45,13.258,1215
2021-12-14T00:00:00.000Z,20,76,34,28,40,8.029,1229
2021-12-15T00:00:00.000Z,28,77,46,40,51,9.7,1206
2021-12-16T00:00:00.000Z,36,78,53,50,57,5.696,1128
2021-12-17T00:00:00.000Z,35,154,56,49,69,20.566,1216
2021-12-18T00:00:00.000Z,8,85,36,15,55,20.177,1227
2021-12-19T00:00:00.000Z,17,64,36,30,43,9.658,1172
2021-12-20T00:00:00.000Z,10,57,30,25,35,9.439,1183
2021-12-21T00:00:00.000Z,12,104,20,16,38,20.36,1193
2021-12-22T00:00:00.000Z,26,163,57,42,86,28.761,1211
2021-12-23T00:00:00.000Z,28,139,53,42,77,22.639,1106
2021-12-24T00:00:00.000Z,14,100,67,40,78,23.523,1214
2021-12-25T00:00:00.000Z,13,82,20,17,25.5,9.523,1105
2021-12-26T00:00:00.000Z,14,30,22,19,25,3.659,1125
2021-12-27T00:00:00.000Z,9,37,20,17,22,5.278,1183
2021-12-28T00:00:00.000Z,18,46,29,25,38,7.017,1160
2021-12-29T00:00:00.000Z,19,55,41,31,45,8.937,1177
2021-12-30T00:00:00.000Z,14,82,39,25,47,12.082,1120
2021-12-31T00:00:00.000Z,27,425,50,41,80.5,67.027,1185
2022-01-01T00:00:00.000Z,38,329,61,57,98,41.982,1227
2022-01-02T00:00:00.000Z,12,88,37,27,40,15.027,1240
2022-01-03T00:00:00.000Z,10,60,24,19,33,9.088,1183
2022-01-04T00:00:00.000Z,14,81,33,25,49,14.079,985
2022-01-05T00:00:00.000Z,20,147,43,36,79,25.998,1170
2022-01-06T00:00:00.000Z,12,92,37,25,71,23.193,1227
2022-01-07T00:00:00.000Z,12,41,19,17,22,5.102,1244
2022-01-08T00:00:00.000Z,13,45,25,21,28,4.342,1146
2022-01-09T00:00:00.000Z,15,52,28,22,32,6.729,1185
2022-01-10T00:00:00.000Z,10,52,23,19,33,8.749,1188
2022-01-11T00:00:00.000Z,15,45,25,22,28,4.211,1218
2022-01-12T00:00:00.000Z,11,76,28,21,47,14.371,1263
2022-01-13T00:00:00.000Z,28,72,47,42,55,8.447,1259
2022-01-14T00:00:00.000Z,26,71,43,37,54,10.321,1135
2022-01-15T00:00:00.000Z,12,132,36,23,48.5,21.422,1233
2022-01-16T00:00:00.000Z,28,107,52,39,71.5,18.48,1253
2022-01-17T00:00:00.000Z,13,67,28,23,50,14.034,1271
2022-01-18T00:00:00.000Z,8,38,13,11,20,6.718,1245
2022-01-19T00:00:00.000Z,13,69,26,19,46,14.84,1255
2022-01-20T00:00:00.000Z,18,53,27,22,38,8.469,1225
2022-01-21T00:00:00.000Z,9,52,22,17,28,7.928,1109
2022-01-22T00:00:00.000Z,11,42,24,20,27,6.126,1182
2022-01-23T00:00:00.000Z,18,80,33,26,39,9.121,1291
2022-01-24T00:00:00.000Z,13,64,27,25,49,12.667,1311
2022-01-25T00:00:00.000Z,25,111,50,42,70,18.762,1280
2022-01-26T00:00:00.000Z,37,161,57,51,87,30.684,1225
2022-01-27T00:00:00.000Z,16,80,41,35,47,9.892,1297
2022-01-28T00:00:00.000Z,14,52,35,27,39,8.002,1297
2022-01-29T00:00:00.000Z,17,87,32,28,50,16.8,1307
2022-01-30T00:00:00.000Z,8,48,19,14,27,7.422,1295
2022-01-31T00:00:00.000Z,7,49,14,10,22,8.733,1305
2022-02-01T00:00:00.000Z,13,63,29,22,36,10.869,1254
2022-02-02T00:00:00.000Z,23,92,43,34,57,14.337,1276
2022-02-03T00:00:00.000Z,15,152,30.5,23,77,37.748,1246
2022-02-04T00:00:00.000Z,14,91,36,23,47,14.111,1287
2022-02-05T00:00:00.000Z,23,115,54,42,68,17.605,1295
2022-02-06T00:00:00.000Z,12,88,35,25,43,16.155,1282
2022-02-07T00:00:00.000Z,22,76,36,32,42,11.159,1289
2022-02-08T00:00:00.000Z,8,71,14,10,19,10.744,1291
2022-02-09T00:00:00.000Z,9,63,20,15,27,13.725,1280
2022-02-10T00:00:00.000Z,15,96,47,33,62,18.163,1247
2022-02-11T00:00:00.000Z,29,282,65,50,117.5,49.808,1265
2022-02-12T00:00:00.000Z,10,96,21,16,56,23.084,1238
2022-02-13T00:00:00.000Z,11,48,19,17,24,7.182,1249
2022-02-14T00:00:00.000Z,11,67,29,22,36,11.884,315
2022-02-15T00:00:00.000Z,29,205,79,45.5,110,41.225,548
2022-02-16T00:00:00.000Z,17,174,64,48,119,44.554,501
2022-02-17T00:00:00.000Z,25,86,45,39,53,12.59,409
2022-02-18T00:00:00.000Z,5,49,15.5,9,33,12.71,232
2022-02-19T00:00:00.000Z,8,51,24,19,36,11.142,322
2022-02-20T00:00:00.000Z,15,98,37,25,52,21.373,384
2022-02-21T00:00:00.000Z,12,135,47,35,69,25.632,474
2022-02-22T00:00:00.000Z,15,76,37,29,49,14.633,340
2022-02-23T00:00:00.000Z,14,60,32,24,41,10.786,334
2022-02-24T00:00:00.000Z,8,42,21,15,30,8.633,267
2022-02-25T00:00:00.000Z,11,76,40,29,51,15.218,398
2022-02-26T00:00:00.000Z,11,75,25,19,31,11.5,311
2022-02-27T00:00:00.000Z,8,26,15,12.5,16,2.806,225
2022-02-28T00:00:00.000Z,9,36,19,16,23,6.221,259
2022-03-01T00:00:00.000Z,14,63,29,25,33.5,8.859,333
2022-03-02T00:00:00.000Z,14,128,42,31,52,20.817,417
2022-03-03T00:00:00.000Z,21,86,48,35,56,13.766,447
2022-03-04T00:00:00.000Z,26,103,38,35,48,16.195,418
2022-03-05T00:00:00.000Z,19,64,42,38,45,7.488,376
2022-03-06T00:00:00.000Z,13,49,24,21,32,8.449,328
2022-03-07T00:00:00.000Z,14,42,26,22,31,5.897,332
2022-03-08T00:00:00.000Z,25,66,43,37,53,10.068,405
2022-03-09T00:00:00.000Z,11,70,26,17,49,16.986,322
2022-03-10T00:00:00.000Z,14,38,23,21,26,4.458,312
2022-03-11T00:00:00.000Z,11,42,18,15,20,5.63,311
2022-03-12T00:00:00.000Z,12,134,31,21,42,14.774,369
2022-03-13T00:00:00.000Z,18,50,33,29,37,6.108,348
2022-03-14T00:00:00.000Z,28,62,44,39,49,7.378,413
2022-03-15T00:00:00.000Z,23,98,55,44,70,17.409,411
2022-03-16T00:00:00.000Z,13,148,87,69,100,27.213,535
2022-03-17T00:00:00.000Z,9,35,16,14,21,4.808,254
2022-03-18T00:00:00.000Z,16,123,25,21,35,19.527,347
2022-03-19T00:00:00.000Z,14,46,28,20,33,7.49,298
2022-03-20T00:00:00.000Z,17,50,34.5,30,38,5.917,358
2022-03-21T00:00:00.000Z,16,54,36,28,45,9.55,311
2022-03-22T00:00:00.000Z,9,38,24,18,27,6.393,257
2022-03-23T00:00:00.000Z,11,87,20.5,15,46,19.106,294
2022-03-24T00:00:00.000Z,15,68,36,22,53,15.914,328
2022-03-25T00:00:00.000Z,14,45,24,21,29,5.553,298
2022-03-26T00:00:00.000Z,17,48,31,24,37,7.464,298
2022-03-27T00:00:00.000Z,14,50,32,24,40,9.92,308
2022-03-28T00:00:00.000Z,11,78,29,19,54,19.154,328
2022-03-29T00:00:00.000Z,26,78,47,37,52,9.807,366
2022-03-30T00:00:00.000Z,30,76,48,41,52,10.387,375
2022-03-31T00:00:00.000Z,11,56,21,17,35,12.342,280
2022-04-01T00:00:00.000Z,6,22,15,12,18,3.575,257
2022-04-02T00:00:00.000Z,4,24,8,7,10,3.557,171
2022-04-03T00:00:00.000Z,7,21,14,12,17,3.194,213
2022-04-04T00:00:00.000Z,12,65,30,22,39,9.873,353
2022-04-05T00:00:00.000Z,12,57,23,19,35,9.428,263
2022-04-06T00:00:00.000Z,9,62,27,20,37,11.592,270
2022-04-07T00:00:00.000Z,10,55,25,19,36,10.657,247
2022-04-08T00:00:00.000Z,7,48,17,13,35,12.282,235
2022-04-09T00:00:00.000Z,6,84,20,13,29,16.289,228
2022-04-10T00:00:00.000Z,7,27,13,11,17,4.827,200
2022-04-11T00:00:00.000Z,7,35,12,10,16,5.358,221
2022-04-12T00:00:00.000Z,6,62,25,11,30.5,13.021,244
2022-04-13T00:00:00.000Z,9,40,20,15,24,6.047,242
2022-04-14T00:00:00.000Z,10,49,31.5,19,37,10.513,272
2022-04-15T00:00:00.000Z,9,75,29,18,35,11.377,276
2022-04-16T00:00:00.000Z,5,81,28,18,43,18.056,304
2022-04-17T00:00:00.000Z,5,26,15,13,17,3.287,232
2022-04-18T00:00:00.000Z,7,31,17,10,22,6.417,221
2022-04-19T00:00:00.000Z,9,32,18,16,24,5.342,265
2022-04-20T00:00:00.000Z,9,35,23,18,27,6.097,254
2022-04-21T00:00:00.000Z,13,68,32,26,45.5,13.44,329
2022-04-22T00:00:00.000Z,13,66,31,22,40,12.282,272
2022-04-23T00:00:00.000Z,5,44,25,16,32,9.823,249
2022-04-24T00:00:00.000Z,6,35,16,11,26,8.86,204
2022-04-25T00:00:00.000Z,5,64,11,9,13,5.413,181
2022-04-26T00:00:00.000Z,5,21,11.5,8,15,4.054,168
2022-04-27T00:00:00.000Z,5,27,12,8,14,4.537,170
2022-04-28T00:00:00.000Z,13,34,18,16,20,3.588,223
2022-04-29T00:00:00.000Z,6,31,11,8,20,6.25,172
2022-04-30T00:00:00.000Z,8,29,12,10,18,4.741,171
2022-05-01T00:00:00.000Z,8,49,16,13,19,7.83,237
2022-05-02T00:00:00.000Z,6,68,15,11,22,13.437,224
2022-05-03T00:00:00.000Z,8,50,14,12,20,9.089,202
2022-05-04T00:00:00.000Z,9,33,15,13,20,4.648,202
2022-05-05T00:00:00.000Z,8,34,18,11,26,7.425,215
2022-05-06T00:00:00.000Z,7,33,15,12,18,6.543,212
2022-05-07T00:00:00.000Z,8,38,15,12,21,6.607,211
2022-05-08T00:00:00.000Z,6,31,13,9,17,6.359,202
2022-05-09T00:00:00.000Z,5,26,13,8,16,4.624,188
2022-05-10T00:00:00.000Z,8,25,16,14,18,3.289,218
2022-05-11T00:00:00.000Z,6,42,16,12,21,6.569,194
2022-05-12T00:00:00.000Z,8,35,15,12,20,4.818,221
2022-05-13T00:00:00.000Z,9,110,17,14,22,12.753,224
2022-05-14T00:00:00.000Z,11,27,14,13,15.5,3.087,189
2022-05-15T00:00:00.000Z,9,25,14,13,17,2.746,197
2022-05-16T00:00:00.000Z,10,34,17,14,19,4.525,206
2022-05-17T00:00:00.000Z,9,31,17,13,21,4.862,182
2022-05-18T00:00:00.000Z,6,27,10,9,13,4.862,197
2022-05-19T00:00:00.000Z,6,23,11,8,14,3.368,172
2022-05-20T00:00:00.000Z,5,36,11,9,15,5.093,193
2022-05-21T00:00:00.000Z,6,149,12,10,16,17.893,209
2022-05-22T00:00:00.000Z,6,23,9,8,12,3.361,164
2022-05-23T00:00:00.000Z,6,16,10,9,12,2.077,150
2022-05-24T00:00:00.000Z,5,16,11,9,13,2.25,165
2022-05-25T00:00:00.000Z,9,25,14.5,12,17,3.776,188
2022-05-26T00:00:00.000Z,6,37,12,10,17,5.764,201
2022-05-27T00:00:00.000Z,6,22,13,9,17,4.339,170
2022-05-28T00:00:00.000Z,7,23,14,11,16,3.352,180
2022-05-29T00:00:00.000Z,8,30,14,11,17,4.269,188
2022-05-30T00:00:00.000Z,9,44,19,16,21,5.628,213
2022-05-31T00:00:00.000Z,8,72,16,13,19.5,10.753,221
2022-06-01T00:00:00.000Z,9,19,15,13,16,2.109,190
2022-06-02T00:00:00.000Z,10,25,16,15,18,2.732,204
2022-06-03T00:00:00.000Z,8,20,12,11,13,1.935,168
2022-06-04T00:00:00.000Z,10,38,16,14,25.5,6.692,185
2022-06-05T00:00:00.000Z,10,33,17,14,19,4.629,185
2022-06-06T00:00:00.000Z,6,25,11,9,14,3.718,164
2022-06-07T00:00:00.000Z,7,23,12,9,15,3.527,166
2022-06-08T00:00:00.000Z,6,54,16,11,19,9.303,198
2022-06-09T00:00:00.000Z,7,26,13,10,17,4.597,191
2022-06-10T00:00:00.000Z,8,27,13,11,18,4.82,186
2022-06-11T00:00:00.000Z,11,25,17,15,18,2.585,199
2022-06-12T00:00:00.000Z,8,24,13,12,16,2.984,174
2022-06-13T00:00:00.000Z,12,54,21,16,27,9.455,261
2022-06-14T00:00:00.000Z,9,29,17,14,23,4.889,208
2022-06-15T00:00:00.000Z,6,21,10,9,12,2.539,173
2022-06-16T00:00:00.000Z,8,32,16,12,20,5.42,187
2022-06-17T00:00:00.000Z,9,23,14,12,18,3.702,166
2022-06-18T00:00:00.000Z,7,27,12,10,14,3.828,190
2022-06-19T00:00:00.000Z,7,60,16,10,34,15.433,243
2022-06-20T00:00:00.000Z,9,45,13,11,16,7.497,205
2022-06-21T00:00:00.000Z,7,25,14,11,17,4.439,177
2022-06-22T00:00:00.000Z,6,23,10,9,13,3.954,186
2022-06-23T00:00:00.000Z,6,25,10,9,16,4.975,175
2022-06-24T00:00:00.000Z,7,30,11,9,15,5.084,171
2022-06-25T00:00:00.000Z,8,34,13,11,15,5.005,193
2022-06-26T00:00:00.000Z,6,23,13,9.5,16,3.501,165
2022-06-27T00:00:00.000Z,8,16,11,10,12,1.664,155
2022-06-28T00:00:00.000Z,9,26,14,13,16,3.049,170
2022-06-29T00:00:00.000Z,8,26,17,13,20,4.305,205
2022-06-30T00:00:00.000Z,8,42,18,13,25,8.108,202
2022-07-01T00:00:00.000Z,11,25,16,14,18,2.938,199
2022-07-02T00:00:00.000Z,12,38,17,15,19,3.491,205
2022-07-03T00:00:00.000Z,8,48,16.5,15,20,7.673,206
2022-07-04T00:00:00.000Z,8,33,15,11,18,5.622,192
2022-07-05T00:00:00.000Z,9,57,15,13,20,8.43,228
2022-07-06T00:00:00.000Z,11,33,17,15,20,3.55,187
2022-07-07T00:00:00.000Z,6,20,11,10,12,2.401,113
2022-07-08T00:00:00.000Z,6,20,11,10,13,2.504,157
2022-07-09T00:00:00.000Z,9,75,14,11,21,16.39,207
2022-07-10T00:00:00.000Z,7,26,14,12,18,4.539,181
2022-07-11T00:00:00.000Z,6,21,11,9,14,2.999,171
2022-07-12T00:00:00.000Z,5,13,7,7,8,1.387,141
2022-07-13T00:00:00.000Z,5,309,9,7,17,30.005,175
2022-07-14T00:00:00.000Z,5,19,11,7,13,3.543,165
2022-07-15T00:00:00.000Z,6,66,12,9,15,11.06,187
2022-07-16T00:00:00.000Z,8,30,14,11,18,4.13,175
2022-07-17T00:00:00.000Z,5,26,11,9,13,4.846,171
2022-07-18T00:00:00.000Z,4,24,8,6,11,4.481,167
2022-07-19T00:00:00.000Z,6,88,11,8,24,11.018,222
2022-07-20T00:00:00.000Z,7,97,15,12,21,9.855,237
2022-07-21T00:00:00.000Z,8,20,12,11,13,1.854,185
2022-07-22T00:00:00.000Z,6,21,11,8,14,3.783,179
2022-07-23T00:00:00.000Z,10,23,14,13,15,2.14,166
2022-07-24T00:00:00.000Z,11,28,15,14,16,2.368,200
2022-07-25T00:00:00.000Z,9,34,16,14,18.5,5.033,196
2022-07-26T00:00:00.000Z,12,83,19,16,28,14.885,250
2022-07-27T00:00:00.000Z,12,41,20,17,24,5.836,212
2022-07-28T00:00:00.000Z,9,31,13,12,14,3.965,181
2022-07-29T00:00:00.000Z,9,25,14,12,16,2.932,164
2022-07-30T00:00:00.000Z,11,57,15,14,17,5.159,191
2022-07-31T00:00:00.000Z,6,32,17,14,21,5.861,212
2022-08-01T00:00:00.000Z,5,34,12,9,17,7.205,166
2022-08-02T00:00:00.000Z,6,35,11,8,14,5.307,160
2022-08-03T00:00:00.000Z,8,18,11,10,13,2.154,149
2022-08-04T00:00:00.000Z,8,17,13,11,14,2.053,149
2022-08-05T00:00:00.000Z,9,20,13,12,15,2.212,145
2022-08-06T00:00:00.000Z,11,18,15,14,15,1.346,64
2022-08-07T00:00:00.000Z,8,23,15,14,17,2.497,189
2022-08-08T00:00:00.000Z,8,18,13,12,14,1.563,164
2022-08-09T00:00:00.000Z,8,20,13,11,15,2.637,184
2022-08-10T00:00:00.000Z,5,25,9,8,11,4.209,150
2022-08-11T00:00:00.000Z,6,18,10,8,11,2.258,159
2022-08-12T00:00:00.000Z,8,20,15,10,18,3.842,142
2022-08-13T00:00:00.000Z,13,58,19,17,21,7.482,236
2022-08-14T00:00:00.000Z,7,28,16,14,18,2.963,198
2022-08-15T00:00:00.000Z,10,32,16,14,20,4.661,207
2022-08-16T00:00:00.000Z,11,26,17,15,20,3.463,201
2022-08-17T00:00:00.000Z,9,35,17,13,21.5,5.364,193
2022-08-18T00:00:00.000Z,11,24,16,15,18,2.218,161
2022-08-19T00:00:00.000Z,11,23,16,15,18,2.382,155
2022-08-20T00:00:00.000Z,10,20,15,13,17,2.336,133
2022-08-21T00:00:00.000Z,16,24,21,19,21.5,1.681,45
2022-08-22T00:00:00.000Z,8,28,14,12,18,4.782,125
2022-08-23T00:00:00.000Z,6,26,13,11,15,3.094,177
2022-08-24T00:00:00.000Z,6,17,11,9,12,1.843,171
2022-08-25T00:00:00.000Z,7,21,11,10,12,2.016,184
2022-08-26T00:00:00.000Z,7,32,12,10,14.5,3.928,212
2022-08-27T00:00:00.000Z,11,32,16,14,21,4.22,247
2022-08-28T00:00:00.000Z,10,77,20,15,43.5,18.199,276
2022-08-29T00:00:00.000Z,11,55,20.5,15,25,7.337,222
2022-08-30T00:00:00.000Z,10,25,15,13,17,2.855,200
2022-08-31T00:00:00.000Z,11,24,16,14,18,2.451,189
2022-09-01T00:00:00.000Z,9,20,15,13,16,2.013,187
2022-09-02T00:00:00.000Z,7,17,11,9,12,1.972,164
2022-09-03T00:00:00.000Z,9,26,13,12,16,3.467,192
2022-09-04T00:00:00.000Z,9,22,13,12,15,2.559,181
2022-09-05T00:00:00.000Z,10,23,15,13,18,2.963,212
2022-09-06T00:00:00.000Z,10,37,16.5,14,20.5,6.442,208
2022-09-07T00:00:00.000Z,9,35,18,12,24,6.245,214
2022-09-08T00:00:00.000Z,10,38,21,14,27,7.359,219
2022-09-09T00:00:00.000Z,9,34,19,15,23,5.21,214
2022-09-10T00:00:00.000Z,10,51,18,15,23,8.674,240
2022-09-11T00:00:00.000Z,5,39,16,10,25,8.828,249
2022-09-12T00:00:00.000Z,4,21,8,6,10,3.056,139
2022-09-13T00:00:00.000Z,5,16,8.5,7,11,2.628,150
2022-09-14T00:00:00.000Z,6,38,12,8,14,4.5,181
2022-09-15T00:00:00.000Z,6,20,11,9,13,3.045,157
2022-09-16T00:00:00.000Z,4,31,10,8,13,5.309,178
2022-09-17T00:00:00.000Z,6,28,11,9,15,4.559,208
2022-09-18T00:00:00.000Z,4,20,6,5,7.5,3.387,144
2022-09-19T00:00:00.000Z,4,16,7,5,11.5,3.382,141
2022-09-20T00:00:00.000Z,5,24,14,6,19,6.297,29
2022-09-21T00:00:00.000Z,4,35,9,7,11,4.46,120
2022-09-22T00:00:00.000Z,5,32,9,8,11,3.238,179
2022-09-23T00:00:00.000Z,5,28,11,8,15,5.127,190
2022-09-24T00:00:00.000Z,6,91,30,20,56,23.11,292
2022-09-25T00:00:00.000Z,9,55,36,20,44,13.451,268
2022-09-26T00:00:00.000Z,10,117,26,20,38.5,15.115,281
2022-09-27T00:00:00.000Z,6,62,20,16,25,11.12,249
2022-09-28T00:00:00.000Z,5,76,18,10,25,11.055,235
2022-09-29T00:00:00.000Z,7,24,13,10,16,3.567,170
2022-09-30T00:00:00.000Z,6,26,15,9,17,4.368,193
2022-10-01T00:00:00.000Z,6,32,14,11,19,6.056,215
2022-10-02T00:00:00.000Z,4,17,7,6,9,2.547,149
2022-10-03T00:00:00.000Z,4,15,9,8,12,2.544,168
2022-10-04T00:00:00.000Z,6,57,12,9,23,12.354,207
2022-10-05T00:00:00.000Z,6,31,17,10,20,5.731,199
2022-10-06T00:00:00.000Z,7,45,25,16,34,10.238,264
2022-10-07T00:00:00.000Z,10,24,15.5,14,18,2.889,216
2022-10-08T00:00:00.000Z,10,91,24,17,68,26.077,291
2022-10-09T00:00:00.000Z,13,58,23,19,47,14.242,262
2022-10-10T00:00:00.000Z,7,21,13,10,16,3.221,199
2022-10-11T00:00:00.000Z,8,23,16,14,18,3.088,201
2022-10-12T00:00:00.000Z,9,64,24,18,47,15.473,284
2022-10-13T00:00:00.000Z,11,42,27,22,33,7.153,275
2022-10-14T00:00:00.000Z,7,33,19,16,26,6.029,237
2022-10-15T00:00:00.000Z,10,61,22,15,37,13.458,248
2022-10-16T00:00:00.000Z,16,56,24,20.5,31.5,9.959,273
2022-10-17T00:00:00.000Z,13,105,32,23,66,24.553,362
2022-10-18T00:00:00.000Z,13,87,54.5,29,66,20.306,252
2022-10-21T00:00:00.000Z,7,98,29.5,12,67,29.678,278
2022-10-22T00:00:00.000Z,22,87,46,32,58,15.562,357
2022-10-23T00:00:00.000Z,7,36,22,14,30,8.262,248
2022-10-24T00:00:00.000Z,9,102,34,20,46,21.68,320
2022-10-25T00:00:00.000Z,12,47,29,21,35,9.147,277
2022-10-26T00:00:00.000Z,8,75,23,16,26,13.132,252
2022-10-27T00:00:00.000Z,7,101,32.5,15,62,25.386,278
2022-10-28T00:00:00.000Z,13,105,43,27,87,30.143,347
2022-10-29T00:00:00.000Z,16,110,60,39,73,21.934,401
2022-10-30T00:00:00.000Z,21,70,39,32,48,10.361,312
2022-10-31T00:00:00.000Z,13,117,35,23,74,30.869,354
2022-11-01T00:00:00.000Z,15,107,32.5,23,76,28.779,352
2022-11-02T00:00:00.000Z,21,71,37,32,49,11.119,326
2022-11-03T00:00:00.000Z,14,52,29,25,34,7.426,272
2022-11-04T00:00:00.000Z,19,53,38,31,43,8.023,318
2022-11-05T00:00:00.000Z,25,68,38,33,44,8.218,332
2022-11-06T00:00:00.000Z,9,72,28,22,41,14.457,263
2022-11-07T00:00:00.000Z,12,139,45,18,74,32.665,336
2022-11-08T00:00:00.000Z,22,57,41,32,47,8.762,316
2022-11-09T00:00:00.000Z,26,86,44,38,57,12.653,384
2022-11-10T00:00:00.000Z,28,138,72,53,84,26.369,437
2022-11-11T00:00:00.000Z,8,93,49,22.5,61,21.817,320
2022-11-12T00:00:00.000Z,12,197,93,39,128,49.364,487
2022-11-13T00:00:00.000Z,25,100,68,48,76.5,18.254,420
2022-11-14T00:00:00.000Z,19,67,39,28,50,13.186,351
2022-11-15T00:00:00.000Z,20,67,33,28,37,6.366,328
2022-11-16T00:00:00.000Z,34,57,44,41,48,4.865,393
2022-11-17T00:00:00.000Z,20,69,37,28,48,12.132,352
2022-11-18T00:00:00.000Z,18,56,37,29,43,8.881,319
2022-11-19T00:00:00.000Z,11,79,33,22,41,13.071,306
2022-11-20T00:00:00.000Z,9,54,32,25,36,8.265,289
2022-11-21T00:00:00.000Z,5,34,20,12,25,7.073,241
2022-11-22T00:00:00.000Z,20,57,36,29,39,6.23,334
2022-11-23T00:00:00.000Z,17,77,36,28,42,11.326,360
2022-11-24T00:00:00.000Z,11,49,26,21,30,6.684,296
2022-11-25T00:00:00.000Z,13,183,40,33,82,38.482,445
2022-11-26T00:00:00.000Z,26,92,59,48,72,15.892,431
2022-11-27T00:00:00.000Z,27,80,50,41,60,11.857,426
2022-11-28T00:00:00.000Z,19,57,34,30,37,6.727,335
2022-11-29T00:00:00.000Z,11,40,21,17,27,6.211,274
2022-11-30T00:00:00.000Z,9,28,16,13,21,4.947,224
2022-12-01T00:00:00.000Z,15,33,24,22,27,3.313,255
2022-12-02T00:00:00.000Z,18,35,25,22,28,3.398,177
2022-12-03T00:00:00.000Z,16,45,29,27,33,5.584,189
2022-12-04T00:00:00.000Z,12,40,20,17.5,26,5.731,256
2022-12-05T00:00:00.000Z,13,48,23,21,25,4.709,281
2022-12-06T00:00:00.000Z,11,63,34,25,38,10.247,339
2022-12-07T00:00:00.000Z,21,58,32.5,28,40,8.49,340
2022-12-08T00:00:00.000Z,22,61,38,32,42,7.458,378
2022-12-09T00:00:00.000Z,23,63,33,29,48,10.731,358
2022-12-10T00:00:00.000Z,18,69,38,33,47,9.394,375
2022-12-11T00:00:00.000Z,7,46,23,16,31,9.239,272
2022-12-12T00:00:00.000Z,14,44,27,24,31,4.831,330
2022-12-13T00:00:00.000Z,18,106,46,26,56.5,22.187,284
2022-12-14T00:00:00.000Z,24,74,44,41,56,11.242,396
2022-12-15T00:00:00.000Z,16,48,29,24,36.5,7.193,305
2022-12-16T00:00:00.000Z,20,89,49.5,30,65,17.819,386
2022-12-17T00:00:00.000Z,13,64,40.5,33.5,46,11.265,368
2022-12-18T00:00:00.000Z,25,57,38,35,42,4.953,358
2022-12-19T00:00:00.000Z,25,62,42,37,46,5.602,376
2022-12-20T00:00:00.000Z,37,107,62,56,71,12.843,517
2022-12-21T00:00:00.000Z,30,69,45,41,52.5,6.99,449
2022-12-22T00:00:00.000Z,35,100,53,45,73,16.908,505
2022-12-23T00:00:00.000Z,40,132,78,62,107.5,25.359,533
2022-12-24T00:00:00.000Z,59,135,100,91,115,15.02,525
2022-12-25T00:00:00.000Z,7,206,61,46,118,46.524,506
2022-12-26T00:00:00.000Z,16,68,39,28,47,11.97,333
2022-12-27T00:00:00.000Z,21,88,54,45,63.5,12.431,441
2022-12-28T00:00:00.000Z,7,52,18,12,33,12.799,242
2022-12-29T00:00:00.000Z,21,108,69,54,79.5,19.933,453
2022-12-30T00:00:00.000Z,36,107,70,61,77,13.912,442
2022-12-31T00:00:00.000Z,59,372,104,92,118,54.675,601
2023-01-01T00:00:00.000Z,33,89,66.5,50,76,14.253,390
2023-01-02T00:00:00.000Z,28,94,59,48,70,15.16,405
2023-01-03T00:00:00.000Z,49,161,72,64,81,23.108,448
2023-01-04T00:00:00.000Z,13,123,52,36,73,25.438,376
2023-01-05T00:00:00.000Z,23,67,38,33,42,8.428,337
2023-01-06T00:00:00.000Z,7,29,17,14,19,4.003,208
2023-01-07T00:00:00.000Z,14,125,63,24,93,34.816,393
2023-01-08T00:00:00.000Z,27,100,42,38,46,14.404,343
2023-01-09T00:00:00.000Z,20,53,34,30,38,5.953,351
2023-01-10T00:00:00.000Z,16,59,36,30,45.5,10.352,320
2023-01-11T00:00:00.000Z,8,23,17,15,20,3.428,242
2023-01-12T00:00:00.000Z,13,39,25,21,28,5.216,276
2023-01-13T00:00:00.000Z,22,67,33,29,38,6.955,351
2023-01-14T00:00:00.000Z,20,66,34,30,44.5,9.725,388
2023-01-15T00:00:00.000Z,21,65,36,30,46,9.716,389
2023-01-16T00:00:00.000Z,20,61,43,31,50,10.738,399
2023-01-17T00:00:00.000Z,9,77,48,38,52,14.494,348
2023-01-18T00:00:00.000Z,6,45,20,14.5,27,9.999,248
2023-01-19T00:00:00.000Z,7,33,14,12,16,3.413,236
2023-01-20T00:00:00.000Z,5,21,14,12,16,3.791,194
2023-01-21T00:00:00.000Z,11,35,23,18,27,6.013,241
2023-01-22T00:00:00.000Z,9,37,18,14,23,5.932,242
2023-01-23T00:00:00.000Z,9,24,15,13,17,2.68,236
2023-01-24T00:00:00.000Z,9,27,19,16,21,3.573,259
2023-01-25T00:00:00.000Z,13,35,23,20,26,3.844,306
2023-01-26T00:00:00.000Z,20,52,35,33,38,5.05,360
2023-01-27T00:00:00.000Z,14,33,23,20,25,3.424,282
2023-01-28T00:00:00.000Z,13,74,33.5,27,49,13.779,364
2023-01-29T00:00:00.000Z,16,52,32,25,40,8.052,340
2023-01-30T00:00:00.000Z,14,44,29,21,37,8.294,310
2023-01-31T00:00:00.000Z,26,163,50,42,105,35.556,498
2023-02-01T00:00:00.000Z,17,125,48,32,74.5,30.348,388
2023-02-02T00:00:00.000Z,12,32,22,19,25,4.191,280
2023-02-03T00:00:00.000Z,10,52,24,20.5,33,9.091,300
2023-02-04T00:00:00.000Z,15,68,28,20,41,14.806,300
2023-02-05T00:00:00.000Z,7,57,17,13,32,12.18,255
2023-02-06T00:00:00.000Z,11,45,21,19,27,6.64,301
2023-02-07T00:00:00.000Z,14,56,25,21,28.5,8.55,313
2023-02-08T00:00:00.000Z,17,45,27,25,31,4.567,325
2023-02-09T00:00:00.000Z,15,130,31,24,55,30.464,401
2023-02-10T00:00:00.000Z,22,98,60,46,71,18.026,473
2023-02-11T00:00:00.000Z,42,94,66,58,75,10.761,476
2023-02-12T00:00:00.000Z,42,121,81,70.5,91,15.846,544
2023-02-13T00:00:00.000Z,12,158,76,40,108,38.45,512
2023-02-14T00:00:00.000Z,33,149,100.5,60.5,112,29.827,528
2023-02-15T00:00:00.000Z,20,125,80,39.5,97,31.251,513
2023-02-16T00:00:00.000Z,38,87,58,51,69,10.671,435
2023-02-17T00:00:00.000Z,37,100,71,60,81,14.057,479
2023-02-18T00:00:00.000Z,17,55,34,26,43,9.668,325
2023-02-19T00:00:00.000Z,13,37,24,21,26,4.612,252
2023-02-20T00:00:00.000Z,7,35,16,13,22,6.048,231
2023-02-21T00:00:00.000Z,9,24,16,13,18,3.492,196
2023-02-22T00:00:00.000Z,9,45,22,19,29,7.999,243
2023-02-23T00:00:00.000Z,8,23,14,13,16,2.451,219
2023-02-24T00:00:00.000Z,10,66,26.5,18,47,15.145,320
2023-02-25T00:00:00.000Z,32,129,52,47,78,24.311,446
2023-02-26T00:00:00.000Z,9,60,31,16,41.5,13.93,328
2023-02-27T00:00:00.000Z,9,34,18,15,23,5.588,259
2023-02-28T00:00:00.000Z,18,47,31,26,35,5.444,324
2023-03-01T00:00:00.000Z,25,47,35,32,38,3.723,351
2023-03-02T00:00:00.000Z,27,72,38,35,42,5.077,336
2023-03-03T00:00:00.000Z,34,72,50,43,60,8.816,374
2023-03-04T00:00:00.000Z,30,77,55,45,64,10.743,400
2023-03-05T00:00:00.000Z,28,110,44,39,64,20.602,390
2023-03-06T00:00:00.000Z,19,93,37.5,28,64,20.913,382
2023-03-07T00:00:00.000Z,9,77,48,31.5,67,19.217,373
2023-03-08T00:00:00.000Z,8,79,31,20,54,18.976,298
2023-03-09T00:00:00.000Z,6,29,15,11,19,4.908,194
2023-03-10T00:00:00.000Z,6,32,19,14,24,6.346,221
2023-03-11T00:00:00.000Z,7,36,22,13,28,7.935,227
2023-03-12T00:00:00.000Z,8,137,20,16,41,29.077,295
2023-03-13T00:00:00.000Z,9,58,43,24,49,14.099,304
2023-03-14T00:00:00.000Z,5,33,14,11,19,5.988,195
2023-03-15T00:00:00.000Z,8,42,19,14,31,9.281,234
2023-03-16T00:00:00.000Z,8,39,21,15,28,7.641,270
2023-03-17T00:00:00.000Z,7,48,21,17,26,9.009,245
2023-03-18T00:00:00.000Z,6,42,16,10,24,9.666,215
2023-03-19T00:00:00.000Z,14,75,41,34,53,13.472,362
2023-03-20T00:00:00.000Z,19,113,51,34,80,25.037,386
2023-03-21T00:00:00.000Z,24,60,37,32,41,6.258,328
2023-03-22T00:00:00.000Z,19,57,37,33,43,7.576,329
2023-03-23T00:00:00.000Z,25,73,43,37,51,10.352,341
2023-03-24T00:00:00.000Z,11,71,40,25,47,14.993,302
2023-03-25T00:00:00.000Z,11,74,23,19,44,17.835,271
2023-03-26T00:00:00.000Z,4,61,12,8,19,12.92,200
2023-03-27T00:00:00.000Z,7,39,22,14,26,6.841,235
2023-03-28T00:00:00.000Z,6,29,13,10,19,6.173,200
2023-03-29T00:00:00.000Z,8,52,20,14,32,11.156,261
2023-03-30T00:00:00.000Z,8,42,24,14,27,7.331,264
2023-03-31T00:00:00.000Z,7,57,22,18.5,24.5,9.992,249
2023-04-01T00:00:00.000Z,11,93,33,22,41,16.459,304
2023-04-02T00:00:00.000Z,5,55,15,11,28,12.289,248
2023-04-03T00:00:00.000Z,9,106,23,15,35,21.397,287
2023-04-04T00:00:00.000Z,7,20,11,10,14,2.659,170
2023-04-05T00:00:00.000Z,6,33,20,16,24,5.948,226
2023-04-06T00:00:00.000Z,13,39,27,22,31,6.035,267
2023-04-07T00:00:00.000Z,18,42,33,28,36,5.617,281
2023-04-08T00:00:00.000Z,28,69,42,34,49,8.073,307
2023-04-09T00:00:00.000Z,21,62,38,29,49,11.029,323
2023-04-10T00:00:00.000Z,16,48,32,27,37.5,7.24,269
2023-04-11T00:00:00.000Z,12,33,21,17,25,5.313,201
2023-04-12T00:00:00.000Z,11,75,23,18,49,17.481,277
2023-04-13T00:00:00.000Z,6,54,24,13,30.5,11.241,224
2023-04-14T00:00:00.000Z,8,31,14,11,21,5.596,186
2023-04-15T00:00:00.000Z,4,38,13,9,16,6.857,200
2023-04-16T00:00:00.000Z,7,28,20,17,22,4.352,237
2023-04-17T00:00:00.000Z,11,47,21,18,25,6.938,280
2023-04-18T00:00:00.000Z,9,29,16,13,17,3.521,230
2023-04-19T00:00:00.000Z,12,59,22,18,36,11.228,279
2023-04-20T00:00:00.000Z,8,60,38,18,43,13.571,231
2023-04-21T00:00:00.000Z,8,32,17,13,21,5.211,235
2023-04-22T00:00:00.000Z,10,80,24.5,16,35,11.819,254
2023-04-23T00:00:00.000Z,10,56,20,16,28,11.732,244
2023-04-24T00:00:00.000Z,11,58,20,15,28,11.061,267
2023-04-25T00:00:00.000Z,6,43,20,15,23,7.01,235
2023-04-26T00:00:00.000Z,6,28,11,8,19,6.277,173
2023-04-27T00:00:00.000Z,7,20,13,12,15,2.149,191
2023-04-28T00:00:00.000Z,8,38,18,12,22,6.346,223
2023-04-29T00:00:00.000Z,13,82,22,17,49,20.46,284
2023-04-30T00:00:00.000Z,9,47,18,14,36,11.296,250
2023-05-01T00:00:00.000Z,8,31,17,14,21,4.579,222
2023-05-02T00:00:00.000Z,7,21,12,10,16,3.245,169
2023-05-03T00:00:00.000Z,6,24,14,11,17,3.907,171
2023-05-04T00:00:00.000Z,9,62,18,15,21,5.827,233
2023-05-05T00:00:00.000Z,10,26,17,14,20,3.779,183
2023-05-06T00:00:00.000Z,5,19,12,9,14,3.028,175
2023-05-07T00:00:00.000Z,7,20,12,10,14,2.416,175
2023-05-08T00:00:00.000Z,7,36,15,13,18,4.827,197
2023-05-09T00:00:00.000Z,8,25,13,11.5,15,2.669,181
2023-05-10T00:00:00.000Z,8,31,15,12,18,4.526,183
2023-05-11T00:00:00.000Z,8,24,12.5,10.5,17,4.242,168
2023-05-12T00:00:00.000Z,8,33,16,12,23,6.37,218
2023-05-13T00:00:00.000Z,8,25,15,10,19,4.644,193
2023-05-14T00:00:00.000Z,8,25,13,11,19,4.506,177
2023-05-15T00:00:00.000Z,8,18,13,11,14,2.202,191
2023-05-16T00:00:00.000Z,8,19,15,11,16,2.846,188
2023-05-17T00:00:00.000Z,8,21,15,14,17,2.108,173
2023-05-18T00:00:00.000Z,6,26,15,13,17,4.065,172
2023-05-19T00:00:00.000Z,10,26,17,15,20,3.053,194
2023-05-20T00:00:00.000Z,13,29,18,16,20,3.316,213
2023-05-21T00:00:00.000Z,9,19,14,13,16,1.992,187
2023-05-22T00:00:00.000Z,9,32,12,11,14,3.415,179
2023-05-23T00:00:00.000Z,7,20,12,10,16,3.229,174
2023-05-24T00:00:00.000Z,8,46,15,13,20.5,6.197,208
2023-05-25T00:00:00.000Z,10,20,14,12,15,1.886,182
2023-05-26T00:00:00.000Z,9,23,13,12,16,2.713,174
2023-05-27T00:00:00.000Z,9,45,16,15,19,6.56,210
2023-05-28T00:00:00.000Z,9,20,15,13,16,1.864,189
2023-05-29T00:00:00.000Z,9,20,13,12,15,2.372,177
2023-05-30T00:00:00.000Z,8,48,16,12,22,8.101,213
2023-05-31T00:00:00.000Z,7,23,13,10,17,3.912,163
2023-06-01T00:00:00.000Z,11,34,17,15,22,5.631,196
2023-06-02T00:00:00.000Z,9,40,16,13,29,8.657,195
2023-06-03T00:00:00.000Z,6,19,11,10,13,2.251,170
2023-06-04T00:00:00.000Z,5,12,7,7,8,1.413,131
2023-06-05T00:00:00.000Z,4,12,7,6,9,1.826,139
2023-06-06T00:00:00.000Z,6,16,9,8,10,1.732,149
2023-06-07T00:00:00.000Z,7,19,10,9,13,2.272,148
2023-06-08T00:00:00.000Z,7,18,11,9,13,2.582,162
2023-06-09T00:00:00.000Z,7,27,14,10,17.5,4.506,181
2023-06-10T00:00:00.000Z,9,20,14,13,16,2.442,169
2023-06-11T00:00:00.000Z,9,24,14,13,17,3.338,186
2023-06-12T00:00:00.000Z,6,20,12,8,14,3.553,159
2023-06-13T00:00:00.000Z,7,14,10,9,11,1.616,147
2023-06-14T00:00:00.000Z,8,34,13,11.5,18,5.81,164
2023-06-15T00:00:00.000Z,8,25,12,10,18,4.298,178
2023-06-16T00:00:00.000Z,6,20,11,9,13,2.735,157
2023-06-17T00:00:00.000Z,9,27,14,13,17,3.427,186
2023-06-18T00:00:00.000Z,7,20,13,11,15,2.621,172
2023-06-19T00:00:00.000Z,7,34,11,10,13,5.067,167
2023-06-20T00:00:00.000Z,7,29,16,13,21,5.045,200
2023-06-21T00:00:00.000Z,10,28,16,14,20,3.539,195
2023-06-22T00:00:00.000Z,12,30,19,17,22,3.952,196
2023-06-23T00:00:00.000Z,15,39,23.5,19,27,4.97,208
2023-06-24T00:00:00.000Z,10,30,16.5,14,20,4.745,192
2023-06-25T00:00:00.000Z,8,19,13,11,14,2.45,180
2023-06-26T00:00:00.000Z,7,20,11,9,12,2.384,158
2023-06-27T00:00:00.000Z,7,20,12,9,16,3.303,163
2023-06-28T00:00:00.000Z,8,29,15,12,20,5.005,214
2023-06-29T00:00:00.000Z,6,28,13,9,21,6.355,179
2023-06-30T00:00:00.000Z,6,29,13,8,17,5.477,162
2023-07-01T00:00:00.000Z,8,24,14,11,17,3.882,175
2023-07-02T00:00:00.000Z,8,27,15,12,17,3.21,180
2023-07-03T00:00:00.000Z,14,31,18,16,20,2.423,207
2023-07-04T00:00:00.000Z,11,24,17,15,19,3.075,194
2023-07-05T00:00:00.000Z,10,21,14,12,16,2.576,173
2023-07-06T00:00:00.000Z,11,23,16,14,17,2.212,196
2023-07-07T00:00:00.000Z,9,20,14,12,15,2.315,175
2023-07-08T00:00:00.000Z,7,16,10,9,12,1.876,145
2023-07-09T00:00:00.000Z,6,21,12,9,14,3.416,171
2023-07-10T00:00:00.000Z,9,97,17,14,19,17.707,204
2023-07-11T00:00:00.000Z,9,27,18,16,20,3.142,201
2023-07-12T00:00:00.000Z,9,28,18,16,21,3.808,196
2023-07-13T00:00:00.000Z,14,29,20,18,23,3.457,203
2023-07-14T00:00:00.000Z,6,23,10,9,12,3.825,165
2023-07-15T00:00:00.000Z,8,26,12,11,14,3.165,182
2023-07-16T00:00:00.000Z,9,22,12.5,12,14,2.039,160
2023-07-17T00:00:00.000Z,11,31,16,14,17,3.179,177
2023-07-18T00:00:00.000Z,8,26,15,11,17,3.682,177
2023-07-19T00:00:00.000Z,9,47,14,12,16,5.783,185
2023-07-20T00:00:00.000Z,6,30,13,11,17,4.343,159
2023-07-21T00:00:00.000Z,9,30,12,11,14,2.878,189
2023-07-22T00:00:00.000Z,4,14,8,7,10,2.177,133
2023-07-23T00:00:00.000Z,7,18,10.5,9,13,2.77,140
2023-07-24T00:00:00.000Z,8,35,14,11,18,5.814,162
2023-07-25T00:00:00.000Z,10,28,20,15,22,4.14,215
2023-07-26T00:00:00.000Z,10,28,16,14,19,3.603,201
2023-07-27T00:00:00.000Z,5,37,10,8,13,5.706,192
2023-07-28T00:00:00.000Z,5,55,13.5,9,28,13.072,208
2023-07-29T00:00:00.000Z,7,28,15,10,20,5.638,196
2023-07-30T00:00:00.000Z,8,26,15,12,18,3.703,188
2023-07-31T00:00:00.000Z,9,47,13,12,15,6.325,187
2023-08-01T00:00:00.000Z,8,49,14,12,18,4.94,205
2023-08-02T00:00:00.000Z,9,30,14,13,16,4.035,190
2023-08-03T00:00:00.000Z,11,36,17,15,20,4.422,210
2023-08-04T00:00:00.000Z,9,23,18,16,20,2.968,179
2023-08-05T00:00:00.000Z,6,25,14,11,18,4.417,158
2023-08-06T00:00:00.000Z,8,28,16,11,22,5.913,192
2023-08-07T00:00:00.000Z,3,22,6,5,9,4.3,149
2023-08-08T00:00:00.000Z,4,23,9,6,13,5.74,152
2023-08-09T00:00:00.000Z,4,15,9,6,10,2.544,146
2023-08-10T00:00:00.000Z,6,15,9,8,10,1.553,137
2023-08-11T00:00:00.000Z,7,21,10,9,11,3.084,157
2023-08-12T00:00:00.000Z,8,28,14,12,15,3.365,162
2023-08-13T00:00:00.000Z,8,19,12.5,11,15.5,2.792,124
2023-08-14T00:00:00.000Z,8,17,12,10,15,2.679,95
2023-08-15T00:00:00.000Z,12,23,18,16,19,1.911,185
2023-08-16T00:00:00.000Z,8,32,15,13,18,4.46,202
2023-08-17T00:00:00.000Z,8,35,16,12,19,5.714,198
2023-08-18T00:00:00.000Z,14,24,17,16,19,1.833,185
2023-08-19T00:00:00.000Z,10,34,16,14,18,4.143,181
2023-08-20T00:00:00.000Z,8,42,15,13,18,4.548,178
2023-08-21T00:00:00.000Z,12,71,17,15,23,13.521,207
2023-08-22T00:00:00.000Z,14,30,21,18,23,3.723,207
2023-08-23T00:00:00.000Z,13,29,17,15,19,2.927,197
2023-08-24T00:00:00.000Z,6,26,15,13,16,3.071,180
2023-08-25T00:00:00.000Z,12,34,17,15,21,4.213,208
2023-08-26T00:00:00.000Z,9,360,20,13,23,63.606,217
2023-08-27T00:00:00.000Z,6,512,13,11,16,51.136,212
2023-08-28T00:00:00.000Z,9,33,13.5,12,15,2.836,158
2023-08-29T00:00:00.000Z,11,21,15,14,17,1.859,184
2023-08-30T00:00:00.000Z,8,21,15,14,17,2.305,183
2023-08-31T00:00:00.000Z,7,19,12,10,13,2.684,145
2023-09-01T00:00:00.000Z,8,27,11,11,13,3.924,127
2023-09-02T00:00:00.000Z,7,19,11,9,14,2.933,128
2023-09-03T00:00:00.000Z,6,21,10,8,16,4.147,153
2023-09-04T00:00:00.000Z,6,28,12,9,15,4.091,202
2023-09-05T00:00:00.000Z,8,26,11,10,15,4.3,199
2023-09-06T00:00:00.000Z,7,17,10,9,11,1.544,150
2023-09-07T00:00:00.000Z,7,35,11,10,13,4.176,185
2023-09-08T00:00:00.000Z,5,13,10,8,11,2.045,158
2023-09-09T00:00:00.000Z,6,16,10,8,11,2.409,148
2023-09-10T00:00:00.000Z,6,25,9.5,9,10,2.897,154
2023-09-11T00:00:00.000Z,7,20,10,9,12,2.409,152
2023-09-12T00:00:00.000Z,9,20,13,12,15,1.959,177
2023-09-13T00:00:00.000Z,9,25,13,11,17,3.707,180
2023-09-14T00:00:00.000Z,8,80,17,13,25,14.161,210
2023-09-15T00:00:00.000Z,12,29,21,19,24,3.477,217
2023-09-16T00:00:00.000Z,8,25,18,16,20,3.319,199
2023-09-17T00:00:00.000Z,10,53,16,12,20,8.364,202
2023-09-18T00:00:00.000Z,9,23,14,12,17,2.973,171
2023-09-19T00:00:00.000Z,7,28,15,12,17,3.804,178
2023-09-20T00:00:00.000Z,10,81,18.5,15,21,7.563,216
2023-09-21T00:00:00.000Z,10,58,22,16,28,10.663,249
2023-09-22T00:00:00.000Z,8,35,19,14,27,7.131,224
2023-09-23T00:00:00.000Z,8,25,15,13,17,2.967,194
2023-09-24T00:00:00.000Z,8,18,13,11,16,2.669,110
2023-10-05T00:00:00.000Z,12,27,21,19,23,3.003,78
2023-10-06T00:00:00.000Z,10,25,16,14,18,3.16,219
2023-10-07T00:00:00.000Z,10,27,17,15,20,3.603,229
2023-10-08T00:00:00.000Z,4,19,11,7,14,3.866,179
2023-10-09T00:00:00.000Z,4,40,9,6,16.5,8.368,181
2023-10-10T00:00:00.000Z,6,27,10,8,12,4.697,173
2023-10-11T00:00:00.000Z,8,29,15,12,18,4.577,176
2023-10-12T00:00:00.000Z,8,65,21.5,18,32,12.361,262
2023-10-13T00:00:00.000Z,9,143,25,20,42.5,19.581,280
2023-10-14T00:00:00.000Z,8,156,31,19,45,32.186,337
2023-10-15T00:00:00.000Z,10,132,25,18,29,13.892,218
2023-10-16T00:00:00.000Z,4,43,11,7,17,7.967,182
2023-10-17T00:00:00.000Z,6,25,15,12,17,4.485,191
2023-10-18T00:00:00.000Z,8,62,20,15,42,15.308,235
2023-10-19T00:00:00.000Z,8,66,34,20.5,43,13.999,305
2023-10-20T00:00:00.000Z,10,67,40,22,52,15.983,296
2023-10-21T00:00:00.000Z,8,55,30,16,41,13.111,200
2023-10-22T00:00:00.000Z,16,29,23,21,24,2.688,43
2023-10-23T00:00:00.000Z,13,52,23,19,28,7.089,316
2023-10-24T00:00:00.000Z,10,64,27,17.5,37.5,13.679,257
2023-10-25T00:00:00.000Z,5,38,18,10,29,9.94,215
2023-10-26T00:00:00.000Z,5,33,14,11,18,4.682,239
2023-10-27T00:00:00.000Z,7,65,15,12,26,14.648,234
2023-10-28T00:00:00.000Z,5,42,10,7,17,9.39,173
2023-10-29T00:00:00.000Z,6,128,40,14,51,26.466,318
2023-10-30T00:00:00.000Z,8,88,31.5,24,40,16.02,312
2023-10-31T00:00:00.000Z,11,62,36,24,43,12.106,303
2023-11-01T00:00:00.000Z,4,44,13.5,8,32,12.035,202
2023-11-02T00:00:00.000Z,9,24,16,14,18,3.083,206
2023-11-03T00:00:00.000Z,11,34,18,15,28,6.241,222
2023-11-04T00:00:00.000Z,9,45,19,15,21,5.301,233
2023-11-05T00:00:00.000Z,4,81,15,10,33,19.33,247
2023-11-06T00:00:00.000Z,4,23,10,7,13,4.631,170
2023-11-07T00:00:00.000Z,6,76,27,17,55,20.109,284
2023-11-08T00:00:00.000Z,9,67,26,17,50,17.108,242
2023-11-09T00:00:00.000Z,7,119,39,16,62,26.194,240
2023-11-10T00:00:00.000Z,8,50,31,13,38,12.886,218
2023-11-11T00:00:00.000Z,7,38,22,16,27,7.668,226
2023-11-12T00:00:00.000Z,6,28,17,11,19,5.436,141
2023-11-13T00:00:00.000Z,10,69,28,18,47,16.219,296
2023-11-14T00:00:00.000Z,8,54,22,16,30,11.074,178
2023-11-15T00:00:00.000Z,6,87,15,12,21,10.533,187
2023-11-16T00:00:00.000Z,4,49,19,9,30,10.788,228
2023-11-17T00:00:00.000Z,18,46,30,27,34,5.649,240
2023-11-18T00:00:00.000Z,4,51,18,9,29.5,12.415,192
2023-11-19T00:00:00.000Z,7,53,22,13,28,9.887,249
2023-11-20T00:00:00.000Z,20,76,43,36,52.5,12.497,357
2023-11-21T00:00:00.000Z,11,81,30,23,39,12.884,294
2023-11-22T00:00:00.000Z,11,49,36,28,40,9.263,275
2023-11-23T00:00:00.000Z,22,52,34,30,37,5.172,285
2023-11-24T00:00:00.000Z,12,38,24,20,27,5.462,245
2023-11-25T00:00:00.000Z,6,32,16,12,20,5.794,121
2023-11-26T00:00:00.000Z,5,33,16,13,22,6.083,198
2023-11-27T00:00:00.000Z,9,30,16,13,18,3.864,230
2023-11-28T00:00:00.000Z,10,71,29,21,39,11.078,327
2023-11-29T00:00:00.000Z,11,38,23,17,29,6.755,271
2023-11-30T00:00:00.000Z,26,66,44,39,53,8.918,380
2023-12-01T00:00:00.000Z,29,109,67.5,53,81,17.653,444
2023-12-02T00:00:00.000Z,33,114,70.5,58,84,17.141,498
2023-12-03T00:00:00.000Z,18,57,30,27,39,9.27,304
2023-12-04T00:00:00.000Z,17,150,29,23,72.5,33.841,316
2023-12-05T00:00:00.000Z,33,115,41,38,44,11.769,322
2023-12-06T00:00:00.000Z,10,53,23,19,31.5,7.714,273
2023-12-07T00:00:00.000Z,16,40,26,23,30,4.7,290
2023-12-08T00:00:00.000Z,16,77,51,42,55,13.406,359
2023-12-09T00:00:00.000Z,26,68,45,37,51,9.067,396
2023-12-10T00:00:00.000Z,26,54,38,35,42,4.711,381
2023-12-11T00:00:00.000Z,31,58,44,39,47,5.458,371
2023-12-12T00:00:00.000Z,31,78,47,39,57,11.034,399
2023-12-13T00:00:00.000Z,36,83,55,49,62,9.376,408
2023-12-14T00:00:00.000Z,21,118,55,39,80,22.895,406
2023-12-15T00:00:00.000Z,14,34,22,20,24,3.99,250
2023-12-16T00:00:00.000Z,8,63,29.5,15,42,14.523,296
2023-12-17T00:00:00.000Z,29,82,44,37,56,11.434,410
2023-12-18T00:00:00.000Z,27,181,45,41,56,22.611,426
2023-12-19T00:00:00.000Z,24,144,61,41,114,37.003,416
2023-12-20T00:00:00.000Z,42,131,95,79,107,19.474,502
2023-12-21T00:00:00.000Z,24,124,86,65,99,23.017,519
2023-12-22T00:00:00.000Z,9,69,34,21,54,17.227,307
2023-12-23T00:00:00.000Z,5,20,11,8,14,3.645,186
2023-12-24T00:00:00.000Z,8,49,18,15,24,7.624,258
2023-12-25T00:00:00.000Z,10,32,17,15,19,3.127,226
2023-12-26T00:00:00.000Z,13,51,21,18,32,9.034,251
2023-12-27T00:00:00.000Z,13,57,29,23,40,10.04,286
2023-12-28T00:00:00.000Z,18,89,39,34,67,19.242,341
2023-12-29T00:00:00.000Z,30,112,67,56,75.5,15.963,365
2023-12-30T00:00:00.000Z,23,100,67,43,80,21.03,367
2023-12-31T00:00:00.000Z,44,352,94,67,107,80.71,500
2024-01-01T00:00:00.000Z,40,277,92,65,184,62.689,498
2024-01-02T00:00:00.000Z,12,125,42.5,25,69,29.695,386
2024-01-03T00:00:00.000Z,13,37,24,22,27,3.989,281
2024-01-04T00:00:00.000Z,11,30,20,16,23,4.498,222
2024-01-05T00:00:00.000Z,8,103,54,19,79,31.17,327
2024-01-06T00:00:00.000Z,14,105,50,42,69,19.43,346
2024-01-07T00:00:00.000Z,6,84,41,17,47,20.719,239
2024-01-08T00:00:00.000Z,7,39,25,16,29,7.976,211
2024-01-09T00:00:00.000Z,9,26,18,13,21,4.539,243
2024-01-10T00:00:00.000Z,15,65,43,33,51,11.83,391
2024-01-11T00:00:00.000Z,24,96,54,46,60,12.47,415
2024-01-12T00:00:00.000Z,9,67,48,33,52,14.814,398
2024-01-13T00:00:00.000Z,12,69,47,26,52,15.087,366
2024-01-14T00:00:00.000Z,18,59,38,32,42,7.807,334
2024-01-15T00:00:00.000Z,16,220,74,30,164,70.952,442
2024-01-16T00:00:00.000Z,8,80,32,28,41,13.477,302
2024-01-17T00:00:00.000Z,26,101,47,38,55,12.54,379
2024-01-18T00:00:00.000Z,38,103,59,54,63.5,9.283,425
2024-01-19T00:00:00.000Z,8,104,60,35,80,26.416,331
2024-01-20T00:00:00.000Z,8,86,34,17,54.5,20.408,317
2024-01-21T00:00:00.000Z,23,69,39,33,47,8.841,406
2024-01-22T00:00:00.000Z,28,73,51,44,57,8.663,450
2024-01-23T00:00:00.000Z,28,73,46,42,51,6.83,439
2024-01-24T00:00:00.000Z,34,81,52,47,60,9.022,435
2024-01-25T00:00:00.000Z,22,116,61,51,79,20.887,506
2024-01-26T00:00:00.000Z,13,218,66.5,25,141,59.659,426
2024-01-27T00:00:00.000Z,22,202,60,48,115.5,51.146,437
2024-01-28T00:00:00.000Z,17,179,42.5,29,56,24.261,278
2024-01-29T00:00:00.000Z,14,63,26,23,35,10.961,283
2024-01-30T00:00:00.000Z,12,82,38,24,55,17.859,337
2024-01-31T00:00:00.000Z,21,104,45,39,68,18.786,382
2024-02-01T00:00:00.000Z,31,141,63,55,94,26.796,448
2024-02-02T00:00:00.000Z,36,108,65,53,81,16.494,456
2024-02-03T00:00:00.000Z,21,103,47,37,56.5,16.232,392
2024-02-04T00:00:00.000Z,9,57,35,23,41,10.574,274
2024-02-05T00:00:00.000Z,5,33,14,11,20.5,6.897,188
2024-02-06T00:00:00.000Z,8,41,17,14,33,10.152,205
2024-02-07T00:00:00.000Z,11,46,28.5,20,34,9.13,194
2024-02-08T00:00:00.000Z,11,46,25,20,29,8.042,190
2024-02-09T00:00:00.000Z,14,53,30,26,32,6.564,214
2024-02-10T00:00:00.000Z,17,150,47,34,80,38.229,307
2024-02-11T00:00:00.000Z,6,49,13,11,20,9.135,211
2024-02-12T00:00:00.000Z,6,48,17,11,29,10.77,265
2024-02-13T00:00:00.000Z,9,42,24,19,26,6.372,235
2024-02-14T00:00:00.000Z,11,30,16,14,18,3.703,132
2024-02-15T00:00:00.000Z,10,34,22,19,25,4.75,210
2024-02-16T00:00:00.000Z,15,64,25,21,32,11.177,251
2024-02-17T00:00:00.000Z,26,60,40,34,45,6.643,358
2024-02-18T00:00:00.000Z,31,80,53,45,64,11.1,373
2024-02-19T00:00:00.000Z,9,52,20,14,27,9.079,267
2024-02-20T00:00:00.000Z,18,82,35,28,48,12.693,339
2024-02-21T00:00:00.000Z,23,122,46,41,79,25.108,398
2024-02-22T00:00:00.000Z,10,143,53,40,71,26.962,400
2024-02-23T00:00:00.000Z,13,95,52,39.5,64,19.363,393
2024-02-24T00:00:00.000Z,9,120,60,43.5,76,23.317,376
2024-02-25T00:00:00.000Z,23,67,42,36,56,11.286,331
2024-02-26T00:00:00.000Z,11,54,28,19,41,11.888,268
2024-02-27T00:00:00.000Z,10,30,19,15,23,4.561,221
2024-02-28T00:00:00.000Z,18,43,27,23,31.5,4.904,288
2024-02-29T00:00:00.000Z,19,49,27.5,25,34,7.258,278
2024-03-01T00:00:00.000Z,13,110,24,19,28,14.981,267
2024-03-02T00:00:00.000Z,18,39,28,26,31,4.395,279
2024-03-03T00:00:00.000Z,25,63,36,32,42,7.928,316
2024-03-04T00:00:00.000Z,16,47,28,24,38,8.064,243
2024-03-05T00:00:00.000Z,17,50,31,28,33,4.967,302
2024-03-06T00:00:00.000Z,26,69,38,36,44,7.817,335
2024-03-07T00:00:00.000Z,21,60,39,31,43,7.321,353
2024-03-08T00:00:00.000Z,26,69,45,38,56,10.355,367
2024-03-09T00:00:00.000Z,18,116,52,41.5,61,16.356,424
2024-03-10T00:00:00.000Z,13,108,51,37,69,23.146,376
2024-03-11T00:00:00.000Z,20,46,34,29,37,5.814,300
2024-03-12T00:00:00.000Z,13,47,24,22,27,5.206,259
2024-03-13T00:00:00.000Z,7,44,31,26,36,9.432,275
2024-03-14T00:00:00.000Z,6,42,21.5,13,27,9.098,188
2024-03-15T00:00:00.000Z,29,58,38,34,42,5.644,329
2024-03-16T00:00:00.000Z,13,69,38,29,52.5,14.073,352
2024-03-17T00:00:00.000Z,15,83,43,34,56,15.617,337
2024-03-18T00:00:00.000Z,13,66,25,18,41,15.27,271
2024-03-19T00:00:00.000Z,10,86,29,19,54.5,20.18,325
2024-03-20T00:00:00.000Z,11,50,32,25,39,8.996,328
2024-03-21T00:00:00.000Z,8,31,14,11.5,17,3.876,209
2024-03-22T00:00:00.000Z,15,58,27,20,33,7.838,269
2024-03-23T00:00:00.000Z,9,99,36,21,50,18.722,324
2024-03-24T00:00:00.000Z,7,59,23,17,28,9.527,274
2024-03-25T00:00:00.000Z,5,48,10.5,7,21.5,10.662,196
2024-03-26T00:00:00.000Z,5,40,14,11,23,8.396,195
2024-03-27T00:00:00.000Z,8,20,15,12,17,3.081,185
2024-03-28T00:00:00.000Z,6,26,16,12,18,4.204,212
2024-03-29T00:00:00.000Z,4,28,10,6,12,5.096,106
2024-03-30T00:00:00.000Z,6,74,23,13,37,15.065,263
2024-03-31T00:00:00.000Z,8,152,30,20,52,28.562,323
2024-04-01T00:00:00.000Z,9,69,29,16,34,12.085,295
2024-04-02T00:00:00.000Z,4,43,13,7,26,10.756,189
2024-04-03T00:00:00.000Z,4,25,9,7,14,5.153,170
2024-04-04T00:00:00.000Z,5,22,12,9,15,3.505,182
2024-04-05T00:00:00.000Z,5,37,14,8,20,6.732,169
2024-04-06T00:00:00.000Z,6,58,14,10,24,10.919,235
2024-04-07T00:00:00.000Z,6,35,15,8,22,7.965,191
2024-04-08T00:00:00.000Z,6,108,11,9,18,10.75,183
2024-04-09T00:00:00.000Z,6,42,16.5,9,30,10.693,218
2024-04-10T00:00:00.000Z,6,28,17,10,20,5.726,193
2024-04-11T00:00:00.000Z,12,33,19,16,21,4.726,199
2024-04-12T00:00:00.000Z,8,37,17,13,20,4.481,182
2024-04-13T00:00:00.000Z,8,47,15,12,30,10.92,208
2024-04-14T00:00:00.000Z,7,31,13,11,17,5.332,187
2024-04-15T00:00:00.000Z,7,80,16,12,35,19.211,247
2024-04-16T00:00:00.000Z,8,22,14,12,15,2.279,209
2024-04-17T00:00:00.000Z,6,33,12,9,15,4.048,205
2024-04-18T00:00:00.000Z,5,35,16,11,23,7.28,193
2024-04-19T00:00:00.000Z,9,40,16,13,19,5.912,184
2024-04-20T00:00:00.000Z,8,34,18,13,21,5.339,203
2024-04-21T00:00:00.000Z,8,30,14,11,21,6.133,192
2024-04-22T00:00:00.000Z,7,29,16,14,20,4.366,198
2024-04-23T00:00:00.000Z,10,26,16,14,20,3.441,208
2024-04-24T00:00:00.000Z,6,68,19,13,33,14.024,245
2024-04-25T00:00:00.000Z,8,28,15,13,19,4.437,190
2024-04-26T00:00:00.000Z,7,31,17,13,24,6.488,198
2024-04-27T00:00:00.000Z,6,55,15,9,20,13.624,165
2024-04-28T00:00:00.000Z,6,49,15.5,9,25,10.042,154
2024-04-29T00:00:00.000Z,6,16,9,9,11,2.047,163
2024-04-30T00:00:00.000Z,6,25,13,10,17.5,4.553,169
2024-05-01T00:00:00.000Z,5,42,9,7,12,6.746,180
2024-05-02T00:00:00.000Z,5,40,10,8,13,7.419,172
2024-05-03T00:00:00.000Z,7,21,13,11,15,2.679,182
2024-05-04T00:00:00.000Z,8,30,14,12,17,4.468,125
2024-05-05T00:00:00.000Z,8,36,12,11,16,4.802,154
2024-05-06T00:00:00.000Z,8,25,15,12,18,3.991,179
2024-05-07T00:00:00.000Z,8,30,16,13,18,4.603,179
2024-05-08T00:00:00.000Z,8,18,11,10,13,2.153,161
2024-05-09T00:00:00.000Z,8,24,13,11,15,3.302,167
2024-05-10T00:00:00.000Z,7,27,11,10,12,3.477,136
2024-05-11T00:00:00.000Z,8,27,13,11,15,3.911,149
2024-05-12T00:00:00.000Z,6,16,9,8,9,1.95,142
2024-05-13T00:00:00.000Z,4,19,9,8,12,2.952,148
2024-05-14T00:00:00.000Z,6,16,9,8,10,1.734,129
2024-05-15T00:00:00.000Z,7,28,11,9.5,16,4.218,169
2024-05-16T00:00:00.000Z,6,24,12,9,16,3.824,166
2024-05-17T00:00:00.000Z,7,23,13,10,14,3.496,141
2024-05-18T00:00:00.000Z,10,62,14,13,17,5.604,156
2024-05-19T00:00:00.000Z,8,27,14,12,17,4.276,153
2024-05-20T00:00:00.000Z,6,33,14,11,19,6.315,184
2024-05-21T00:00:00.000Z,7,20,12,9,15,3.251,157
2024-05-22T00:00:00.000Z,7,18,12,10,13,1.989,149
2024-05-23T00:00:00.000Z,10,93,21,15,26,8.851,178
2024-05-24T00:00:00.000Z,5,33,10,8,27,9.399,139
2024-05-25T00:00:00.000Z,6,19,9,8,11,2.482,110
2024-05-26T00:00:00.000Z,6,35,11,8,20,8.183,113
2024-05-27T00:00:00.000Z,6,13,9,8,10,1.369,145
2024-05-28T00:00:00.000Z,6,15,10,8,11,1.928,153
2024-05-29T00:00:00.000Z,6,57,13,10,26,14.12,155
2024-05-30T00:00:00.000Z,8,36,16,11,22,6.987,150
2024-05-31T00:00:00.000Z,7,34,14,10,21,6.418,170
2024-06-01T00:00:00.000Z,8,27,11,9,15,3.508,146
2024-06-02T00:00:00.000Z,6,61,11.5,9,22,12.046,214
2024-06-03T00:00:00.000Z,6,21,13,9,16,3.705,144
2024-06-04T00:00:00.000Z,6,21,12,10.5,14,2.771,156
2024-06-05T00:00:00.000Z,5,16,9,7,12,2.837,141
2024-06-06T00:00:00.000Z,6,44,11,8,15,9.138,172
2024-06-07T00:00:00.000Z,6,23,11,9,16,4.219,148
2024-06-08T00:00:00.000Z,8,30,13,11,16,4.595,166
2024-06-09T00:00:00.000Z,9,19,13,12,16,2.534,150
2024-06-10T00:00:00.000Z,10,33,15,14,18,3.658,218
2024-06-11T00:00:00.000Z,6,23,12,9,14,3.235,189
2024-06-12T00:00:00.000Z,4,20,11,10,12,2.379,173
2024-06-13T00:00:00.000Z,4,18,10.5,9,12,2.766,160
2024-06-14T00:00:00.000Z,5,69,13,9,17,8.53,170
2024-06-15T00:00:00.000Z,5,40,10.5,7,22.5,10.121,144
2024-06-16T00:00:00.000Z,6,117,17,8,38.5,24.159,177
2024-06-17T00:00:00.000Z,9,29,15,12,18,4.276,141
2024-06-18T00:00:00.000Z,10,24,14,13,15,1.842,174
2024-06-19T00:00:00.000Z,10,29,13,12,15,2.254,147
2024-06-20T00:00:00.000Z,6,20,14,10,16,3.569,143
2024-06-21T00:00:00.000Z,4,17,9,7,11,2.93,140
2024-06-22T00:00:00.000Z,5,16,9,8,10,1.686,147
2024-06-23T00:00:00.000Z,4,12,8,7,9,1.79,135
2024-06-24T00:00:00.000Z,5,16,10,8,10,1.695,148
2024-06-25T00:00:00.000Z,7,16,10,9,12,2.305,140
2024-06-26T00:00:00.000Z,6,11,8,8,9,0.99,106
2024-06-27T00:00:00.000Z,6,14,9,8,10,1.685,120
2024-06-28T00:00:00.000Z,6,21,10,9,14,4.014,147
2024-06-29T00:00:00.000Z,8,25,10,9,12,3.375,125
2024-06-30T00:00:00.000Z,9,19,12,11,13,2.037,142
2024-07-01T00:00:00.000Z,6,29,12,10,14.5,4.598,137
2024-07-02T00:00:00.000Z,7,24,12,10,13,3.374,162
2024-07-03T00:00:00.000Z,5,15,10,8,11,2.216,130
2024-07-04T00:00:00.000Z,4,20,10,7,13,3.753,99
2024-07-05T00:00:00.000Z,4,14,7,6,10,2.128,100
2024-07-06T00:00:00.000Z,4,13,8,7,9,1.704,121
2024-07-07T00:00:00.000Z,6,38,9,8,11,6.852,128
2024-07-08T00:00:00.000Z,9,28,14,12,20,4.947,143
2024-07-09T00:00:00.000Z,6,25,10,9,15,5.006,139
2024-07-10T00:00:00.000Z,9,17,13,12,14,1.795,125
2024-07-11T00:00:00.000Z,9,30,14,12.5,16,2.864,120
2024-07-12T00:00:00.000Z,9,21,13,12,16,2.26,129
2024-07-13T00:00:00.000Z,10,22,13,12,15,2.7,96
2024-07-14T00:00:00.000Z,10,21,13,12,15,2.665,90
2024-07-15T00:00:00.000Z,9,22,14,12,16,3.241,107
2024-07-16T00:00:00.000Z,13,29,20,18,22,2.883,153
2024-07-17T00:00:00.000Z,14,26,18,17,21,2.942,133
2024-07-18T00:00:00.000Z,9,31,15,13,17,3.794,128
2024-07-19T00:00:00.000Z,8,20,16,15,17,2.21,154
2024-07-20T00:00:00.000Z,8,16,12,11,13,1.874,149
2024-07-21T00:00:00.000Z,7,20,15,14,17,2.36,135
2024-07-22T00:00:00.000Z,8,19,13,12,15,2.518,157
2024-07-23T00:00:00.000Z,9,31,12,11,14,4.935,148
2024-07-24T00:00:00.000Z,9,19,13,12,15,2.12,153
2024-07-25T00:00:00.000Z,7,28,16,13,20.5,5.249,173
2024-07-26T00:00:00.000Z,6,23,10,8,12,2.792,151
2024-07-27T00:00:00.000Z,6,65,10,8,17.5,15.894,176
2024-07-28T00:00:00.000Z,8,51,18,12,32,12.357,225
2024-07-29T00:00:00.000Z,6,18,9,8,12,3.103,140
2024-07-30T00:00:00.000Z,5,10,7,6,8,0.895,134
2024-07-31T00:00:00.000Z,4,33,8,7,14,5.571,158
2024-08-01T00:00:00.000Z,6,22,12,8.5,13,3.634,172
2024-08-02T00:00:00.000Z,6,28,11,9.5,14,4.659,161
2024-08-03T00:00:00.000Z,6,16,11,9,13,2.317,153
2024-08-04T00:00:00.000Z,6,16,11,10,11,1.738,158
2024-08-05T00:00:00.000Z,7,17,11,9,13,2.198,151
2024-08-06T00:00:00.000Z,5,26,12,8,15,4.161,171
2024-08-07T00:00:00.000Z,5,23,11,7,16,4.75,161
2024-08-08T00:00:00.000Z,7,41,13,10,16,6.426,199
2024-08-09T00:00:00.000Z,7,22,11,10,14,3.317,152
2024-08-10T00:00:00.000Z,8,19,11,10,14,2.9,157
2024-08-11T00:00:00.000Z,10,50,14,12,19,6.498,193
2024-08-12T00:00:00.000Z,8,22,13,11,16,3.045,147
2024-08-13T00:00:00.000Z,8,20,12,11,14,2.594,144
2024-08-14T00:00:00.000Z,8,15,10,10,12,1.55,143
2024-08-15T00:00:00.000Z,6,21,10,9,13,3.439,154
2024-08-16T00:00:00.000Z,5,11,8,7,10,1.736,116
2024-08-17T00:00:00.000Z,6,30,8,7,9,2.537,126
2024-08-18T00:00:00.000Z,7,16,9,8,11,2.106,86
2024-08-19T00:00:00.000Z,8,14,11,9,12,1.595,140
2024-08-20T00:00:00.000Z,7,17,10,9,12,1.794,137
2024-08-21T00:00:00.000Z,8,33,15,13,17,4.049,207
2024-08-22T00:00:00.000Z,8,21,11,10,13,2.365,150
2024-08-23T00:00:00.000Z,10,22,14,12,16,2.735,156
2024-08-24T00:00:00.000Z,7,15,10,9,11,1.676,116
2024-08-25T00:00:00.000Z,8,142,15,11,19,29.746,175
2024-08-26T00:00:00.000Z,8,28,14,12,18,3.621,184
2024-08-27T00:00:00.000Z,10,28,14,12,17,3.415,136
2024-08-28T00:00:00.000Z,11,20,15,14.5,16,1.618,109
2024-08-29T00:00:00.000Z,8,17,11,10,13,2.037,101
2024-08-30T00:00:00.000Z,9,58,15,14,19,7.546,188
2024-08-31T00:00:00.000Z,8,34,15,13,19,5.027,192
2024-09-01T00:00:00.000Z,7,31,15,13,19,5.072,156
2024-09-02T00:00:00.000Z,10,33,15,13,17,3.975,157
2024-09-03T00:00:00.000Z,9,32,18,16,20,3.862,176
2024-09-04T00:00:00.000Z,8,23,17,13,19,3.374,187
2024-09-05T00:00:00.000Z,9,19,13,12,15,2.201,98
2024-09-06T00:00:00.000Z,5,17,12,9,14,2.761,123
2024-09-07T00:00:00.000Z,6,13,10,8,11,1.44,113
2024-09-08T00:00:00.000Z,5,24,10,8,14,4.232,151
2024-09-09T00:00:00.000Z,6,15,10,8,12,2.544,80
2024-09-10T00:00:00.000Z,6,12,9,8,10,1.437,101
2024-09-11T00:00:00.000Z,9,33,20,17,22,4.682,195
2024-09-12T00:00:00.000Z,6,47,19,13,24,7.744,211
2024-09-13T00:00:00.000Z,6,36,14,10,22,6.617,159
2024-09-14T00:00:00.000Z,6,20,11,9,13,3.165,83
2024-09-15T00:00:00.000Z,6,30,12,8,16,5.163,155
2024-09-16T00:00:00.000Z,4,17,9,8,10,2.609,126
2024-09-17T00:00:00.000Z,5,28,11,7,19,6.228,146
2024-09-18T00:00:00.000Z,9,23,13,12,16,3.214,172
2024-09-19T00:00:00.000Z,8,22,13,11,15,2.706,169
2024-09-20T00:00:00.000Z,8,19,13,11,14,2.091,159
2024-09-21T00:00:00.000Z,12,36,18,14,29,7.589,191
2024-09-22T00:00:00.000Z,16,45,25,21,29,6.61,228
2024-09-23T00:00:00.000Z,9,90,26,17,36,17.128,277
2024-09-24T00:00:00.000Z,6,28,16,11,20,5.605,199
2024-09-25T00:00:00.000Z,9,33,15,13,19,4.927,224
2024-09-26T00:00:00.000Z,8,34,16,13,25,6.754,184
2024-09-27T00:00:00.000Z,8,44,21,15,30,9.245,215
2024-09-28T00:00:00.000Z,6,19,12,11,14,2.741,164
2024-09-29T00:00:00.000Z,4,17,8,5,13,4.156,135
2024-09-30T00:00:00.000Z,4,24,6,5,12,4.895,154
2024-10-01T00:00:00.000Z,4,21,9,7,12,3.797,154
2024-10-02T00:00:00.000Z,6,26,12,10,14,3.833,190
2024-10-03T00:00:00.000Z,7,26,15,12,18,4.17,210
2024-10-04T00:00:00.000Z,16,39,25,22,28,4.969,257
2024-10-05T00:00:00.000Z,9,34,15,12,24,6.894,208
2024-10-06T00:00:00.000Z,8,32,18,14,21.5,4.711,212
2024-10-07T00:00:00.000Z,5,25,13,10,18,4.811,184
2024-10-08T00:00:00.000Z,6,47,18,12,34,11.33,221
2024-10-09T00:00:00.000Z,8,39,20,11,25,7.732,199
2024-10-10T00:00:00.000Z,6,56,20,14,36,13.475,246
2024-10-11T00:00:00.000Z,8,46,20,14,25,7.343,223
2024-10-12T00:00:00.000Z,4,18,8,7,10,2.497,150
2024-10-13T00:00:00.000Z,5,42,11,8,23,9.761,186
2024-10-14T00:00:00.000Z,5,29,19,17,21,4.902,203
2024-10-15T00:00:00.000Z,8,44,18,14,21,6.406,217
2024-10-16T00:00:00.000Z,6,17,10,9,12,2.477,143
2024-10-17T00:00:00.000Z,5,36,16,10,20,7.262,184
2024-10-18T00:00:00.000Z,8,35,20,14,23,6.756,195
2024-10-19T00:00:00.000Z,9,49,23,17,27,9.074,215
2024-10-20T00:00:00.000Z,14,76,28,22,37,14.231,259
2024-10-21T00:00:00.000Z,16,138,46,32,87,35.868,363
2024-10-22T00:00:00.000Z,21,187,123,75,140,45.148,532
2024-10-23T00:00:00.000Z,19,133,53,34,82,30.572,365
2024-10-24T00:00:00.000Z,7,30,20,13,23,5.687,204
2024-10-25T00:00:00.000Z,17,115,40,27,80,28.328,317
2024-10-26T00:00:00.000Z,21,105,55.5,33,68,21.581,354
2024-10-27T00:00:00.000Z,13,199,50,38,63,29.988,379
2024-10-28T00:00:00.000Z,18,50,38,32,43,6.545,295
2024-10-29T00:00:00.000Z,21,47,30,27,34,6.41,251
2024-10-30T00:00:00.000Z,26,65,47,39,51,7.818,303
2024-10-31T00:00:00.000Z,15,89,58,40,65,17.101,338
2024-11-01T00:00:00.000Z,11,50,30,23,35,8.701,258
2024-11-02T00:00:00.000Z,5,37,19,14,26,7.785,153
2024-11-03T00:00:00.000Z,4,67,14,8,28,15.62,226
2024-11-04T00:00:00.000Z,11,67,22,17,33,12.847,265
2024-11-06T00:00:00.000Z,23,119,60.5,43,82,24.776,350
2024-11-07T00:00:00.000Z,15,207,117,46,152,56.486,304
2024-11-08T00:00:00.000Z,29,162,73,54,107,34.075,467
2024-11-09T00:00:00.000Z,7,80,27,13,61,23.287,256
2024-11-10T00:00:00.000Z,16,55,23,21,29,10.359,277
2024-11-11T00:00:00.000Z,16,41,28,24,33,5.206,290
2024-11-12T00:00:00.000Z,23,47,35,32,38,4.111,348
2024-11-13T00:00:00.000Z,17,50,33,29,36,5.669,322
2024-11-14T00:00:00.000Z,28,71,43,39,47,6.92,331
2024-11-15T00:00:00.000Z,34,91,50,44,60,11.429,361
2024-11-16T00:00:00.000Z,20,91,61,52,73,18.554,379
2024-11-17T00:00:00.000Z,22,76,57,45,62,12.548,381
2024-11-18T00:00:00.000Z,24,81,41,34,53,12.833,327
2024-11-19T00:00:00.000Z,27,93,50,39.5,65,14.417,388
2024-11-20T00:00:00.000Z,11,82,44.5,26,63,19.764,324
2024-11-21T00:00:00.000Z,7,48,17,11,21,8.615,228
2024-11-22T00:00:00.000Z,8,40,22,18,28,7.108,255
2024-11-23T00:00:00.000Z,8,64,18,13,33,13.939,267
2024-11-24T00:00:00.000Z,11,45,30,26,37,7.411,334
2024-11-25T00:00:00.000Z,21,106,40,34,45,14.974,357
2024-11-26T00:00:00.000Z,29,228,61,48,86,39.427,523
2024-11-27T00:00:00.000Z,49,113,70,61,80,12.374,475
2024-11-28T00:00:00.000Z,22,206,70,45,89,45.702,490
2024-11-29T00:00:00.000Z,16,114,69,41,83,27.025,390
2024-11-30T00:00:00.000Z,9,31,16.5,14,21,4.258,214
2024-12-01T00:00:00.000Z,15,43,25,22,31,5.37,309
2024-12-02T00:00:00.000Z,12,36,24,21,28,4.756,292
2024-12-03T00:00:00.000Z,10,40,22,19,25,4.362,275
2024-12-04T00:00:00.000Z,12,34,21,17,24,4.715,266
2024-12-05T00:00:00.000Z,16,34,24,22,26,3.138,272
2024-12-06T00:00:00.000Z,13,34,25,22,27,4.142,290
2024-12-07T00:00:00.000Z,13,41,24,18,29,6.567,284
2024-12-08T00:00:00.000Z,13,47,26,20,34,8.583,308
2024-12-09T00:00:00.000Z,9,30,22,17,25,5.308,270
2024-12-10T00:00:00.000Z,8,34,21,17,26,6.28,281
2024-12-11T00:00:00.000Z,13,62,28,22,39,12.673,315
2024-12-12T00:00:00.000Z,19,108,33,27,40,15.434,364
2024-12-13T00:00:00.000Z,15,62,30,27,37,9.281,338
2024-12-14T00:00:00.000Z,19,79,38.5,28,51.5,14.787,336
2024-12-15T00:00:00.000Z,17,60,37,30,44,9.427,352
2024-12-16T00:00:00.000Z,12,36,21,18,25,4.584,273
2024-12-17T00:00:00.000Z,8,55,19,14,28,11.041,269
2024-12-18T00:00:00.000Z,21,91,45,33,64,17.996,388
2024-12-19T00:00:00.000Z,25,259,78,59,112,45.138,531
2024-12-20T00:00:00.000Z,31,130,92,76,104,19.558,526
2024-12-21T00:00:00.000Z,10,47,17,15,29,9.368,264
2024-12-22T00:00:00.000Z,13,54,33,27,39,8.599,343
2024-12-23T00:00:00.000Z,32,62,46,39,50,6.626,389
2024-12-24T00:00:00.000Z,11,38,23,20,27,6.291,247
2024-12-25T00:00:00.000Z,9,34,16,14,18,4.339,235
2024-12-26T00:00:00.000Z,9,78,20,17,23,7.636,289
2024-12-27T00:00:00.000Z,8,38,25,16,30,7.644,249
2024-12-28T00:00:00.000Z,12,46,27,23,31,6.729,284
2024-12-29T00:00:00.000Z,18,55,34,30,39,6.392,278
2024-12-30T00:00:00.000Z,33,92,67,57,71,11.591,383
2024-12-31T00:00:00.000Z,30,326,50,43,66,65.007,461
2025-01-01T00:00:00.000Z,36,97,62,51,73,14.749,444
2025-01-02T00:00:00.000Z,23,74,42,33,60,14.617,343
2025-01-03T00:00:00.000Z,18,61,35,27,45,10.651,299
2025-01-04T00:00:00.000Z,8,78,40.5,18,50,18.468,344
2025-01-05T00:00:00.000Z,17,77,40,33,46,11.176,375
2025-01-06T00:00:00.000Z,21,75,45,38,52,10.513,351
2025-01-07T00:00:00.000Z,28,99,61,49,74,15.663,440
2025-01-08T00:00:00.000Z,29,98,69,61,79,15.43,431
2025-01-09T00:00:00.000Z,16,240,91,72,177,63.593,545
2025-01-10T00:00:00.000Z,6,185,72,42,135,51.388,453
2025-01-11T00:00:00.000Z,6,104,42,16,79,32.307,310
2025-01-12T00:00:00.000Z,29,130,96,82,107,21.708,590
2025-01-13T00:00:00.000Z,13,144,69,19,113,44.275,371
2025-01-14T00:00:00.000Z,13,124,66,25,94,33.223,303
2025-01-15T00:00:00.000Z,25,68,47,37,56,11.051,393
2025-01-16T00:00:00.000Z,35,106,66,51,73,15.717,467
2025-01-17T00:00:00.000Z,33,84,58,49,66,11.279,434
2025-01-18T00:00:00.000Z,32,75,44,40,50,8.787,367
2025-01-19T00:00:00.000Z,29,211,89,40,130,48.347,462
2025-01-20T00:00:00.000Z,36,193,108,92,126,27.749,565
2025-01-21T00:00:00.000Z,32,152,62,50,103,31.002,431
2025-01-22T00:00:00.000Z,30,118,68,53,94,22,420
2025-01-23T00:00:00.000Z,18,115,77,59,85,20.429,402
2025-01-24T00:00:00.000Z,26,93,65,49,71,15.369,430
2025-01-25T00:00:00.000Z,22,185,61,50,127.5,47.16,385
2025-01-26T00:00:00.000Z,18,140,45,31,65,24.923,408
2025-01-27T00:00:00.000Z,23,91,56,41,69,16.599,402
2025-01-28T00:00:00.000Z,17,140,71,54,88,25.151,470
2025-01-29T00:00:00.000Z,21,146,90,62,104,29.826,462
2025-01-30T00:00:00.000Z,25,87,46,40,54,11.423,237
2025-01-31T00:00:00.000Z,15,81,35,25,40,11.345,354
2025-02-01T00:00:00.000Z,20,50,34,28,38,6.4,302
2025-02-02T00:00:00.000Z,21,49,36,30,40,6.483,183
2025-02-03T00:00:00.000Z,21,66,37,28,40,7.596,203
2025-02-04T00:00:00.000Z,36,68,51,47,59,8.114,56
2025-02-05T00:00:00.000Z,11,65,42,35.5,47,12.876,341
2025-02-06T00:00:00.000Z,14,30,20,18,23,3.629,232
2025-02-07T00:00:00.000Z,15,64,28,24,32,5.888,294
2025-02-08T00:00:00.000Z,21,43,33,30,36,3.796,259
2025-02-09T00:00:00.000Z,26,66,36,32,40,7.632,237
2025-02-10T00:00:00.000Z,27,69,41,37,46,8.713,349
2025-02-11T00:00:00.000Z,31,69,49,43,53,7.439,384
2025-02-12T00:00:00.000Z,31,98,47,42,57,13.03,431
2025-02-13T00:00:00.000Z,32,81,58,48,64,9.863,275
2025-02-14T00:00:00.000Z,38,108,55,49,67,12.862,241
2025-02-15T00:00:00.000Z,15,90,25,22,40,19.871,248
2025-02-16T00:00:00.000Z,19,39,28,25,30,3.811,242
2025-02-17T00:00:00.000Z,13,55,33,22,38,9.302,285
2025-02-18T00:00:00.000Z,21,51,34,30,36,4.848,338
2025-02-19T00:00:00.000Z,21,129,48,33,73,26.165,426
2025-02-20T00:00:00.000Z,37,162,101,86,145,34.444,468
2025-02-21T00:00:00.000Z,21,163,40,30,54,30.685,399
2025-02-22T00:00:00.000Z,26,84,57,46,67,13.708,229
2025-02-23T00:00:00.000Z,28,116,63,48,74,18.348,429
2025-02-24T00:00:00.000Z,47,176,120,82.5,135,31.478,597
2025-02-25T00:00:00.000Z,55,242,111,98,152,39.873,570
2025-02-26T00:00:00.000Z,53,292,126.5,102,201,57.999,598
2025-02-27T00:00:00.000Z,32,128,71,47,101,27.363,329
2025-02-28T00:00:00.000Z,38,56,46,42,48,4.046,50
2025-03-01T00:00:00.000Z,27,90,57,41,71,16.198,249
2025-03-02T00:00:00.000Z,7,55,29.5,22.5,39,11.444,204
2025-03-03T00:00:00.000Z,16,81,40,28,54,16.489,244
2025-03-04T00:00:00.000Z,24,92,59,43,71,17.187,352
2025-03-05T00:00:00.000Z,13,102,70,45,77,21.822,316
2025-03-06T00:00:00.000Z,45,62,54,51,57.5,4.029,69
2025-03-07T00:00:00.000Z,14,145,28,23,66.5,34.833,265
2025-03-08T00:00:00.000Z,11,57,34,23,41,10.301,400
2025-03-09T00:00:00.000Z,20,120,46,37,66.5,19.364,425
2025-03-10T00:00:00.000Z,16,108,70,50,80,23.443,460
2025-03-11T00:00:00.000Z,16,89,53,35,64,18.351,319
2025-03-12T00:00:00.000Z,11,72,30,17,39,13.577,202
2025-03-13T00:00:00.000Z,6,32,14,11,17,5.139,208
2025-03-14T00:00:00.000Z,6,61,16,10,28,12.537,291
2025-03-15T00:00:00.000Z,9,72,29,17,33,12.021,316
2025-03-16T00:00:00.000Z,9,32,21,18,23,4.432,259
2025-03-17T00:00:00.000Z,8,33,18,15,22,6.05,244
2025-03-18T00:00:00.000Z,6,33,12,9,22,7.668,205
2025-03-19T00:00:00.000Z,6,52,28,18,39,11.919,290
2025-03-20T00:00:00.000Z,10,95,27,17,45,20.038,261
2025-03-21T00:00:00.000Z,11,120,48,30,64,23.218,328
2025-03-22T00:00:00.000Z,11,52,23,17,32,9.841,243
2025-03-23T00:00:00.000Z,14,31,21,19,24,3.241,208
2025-03-24T00:00:00.000Z,15,65,34,29,49,12.21,326
2025-03-25T00:00:00.000Z,12,63,38,20,45,13.95,280
2025-03-26T00:00:00.000Z,13,35,24,21,27,4.66,229
2025-03-27T00:00:00.000Z,18,44,27,25,31,5.242,87
2025-03-28T00:00:00.000Z,21,45,32,30,37,4.263,203
2025-03-29T00:00:00.000Z,17,47,34,31,37,4.513,162
2025-03-30T00:00:00.000Z,6,42,15.5,9,31,11.987,90
2025-03-31T00:00:00.000Z,17,70,25,22,29,10.286,215
2025-04-01T00:00:00.000Z,15,42,24,21,27,4.782,196
2025-04-02T00:00:00.000Z,7,34,16,10,22,6.869,137
2025-04-03T00:00:00.000Z,6,37,17,13,23,6.803,178
2025-04-04T00:00:00.000Z,10,45,21,18,34,9.385,231
2025-04-05T00:00:00.000Z,8,86,22,15,46,23.377,155
2025-04-06T00:00:00.000Z,7,41,13,10,18,8.028,141
2025-04-07T00:00:00.000Z,11,33,16.5,15,19,4.416,198
2025-04-08T00:00:00.000Z,9,41,23,18,28,6.987,246
2025-04-09T00:00:00.000Z,9,41,21,18,27,7.711,222
2025-04-10T00:00:00.000Z,9,40,22,16,28,7.567,197
2025-04-11T00:00:00.000Z,6,29,12,9,15,4.119,176
2025-04-12T00:00:00.000Z,12,52,20,17,28,9.185,220
2025-04-13T00:00:00.000Z,7,50,20.5,13,29,11.154,208
2025-04-14T00:00:00.000Z,10,44,19,12,24,8.538,139
2025-04-15T00:00:00.000Z,6,25,13,10,18,4.707,136
2025-04-16T00:00:00.000Z,6,20,11,9,13,3.041,128
2025-04-17T00:00:00.000Z,4,18,9.5,7,13,3.588,140
2025-04-18T00:00:00.000Z,6,23,14,10,17,4.527,115
2025-04-19T00:00:00.000Z,15,52,22,19.5,25,7.858,121
2025-04-20T00:00:00.000Z,9,74,33.5,17,43,16.309,254
2025-04-21T00:00:00.000Z,6,38,17,11,23,8.252,160
2025-04-22T00:00:00.000Z,7,39,12.5,10,21,7.123,140
2025-04-23T00:00:00.000Z,6,25,15,10,19,5.207,144
2025-04-24T00:00:00.000Z,8,64,18,14.5,33,12.398,180
2025-04-25T00:00:00.000Z,8,35,12,10,18,5.424,148
2025-04-26T00:00:00.000Z,8,23,12,11,13,3.199,110
2025-04-27T00:00:00.000Z,6,19,9,8,12,2.925,118
2025-04-28T00:00:00.000Z,6,30,10,8,15.5,5.751,141
2025-04-29T00:00:00.000Z,5,30,13,9,18,5.996,176
2025-04-30T00:00:00.000Z,6,34,13,10,15,6.899,152
2025-05-01T00:00:00.000Z,8,32,18.5,13,24,6.225,142
2025-05-02T00:00:00.000Z,5,102,10,8,66,31.51,175
2025-05-03T00:00:00.000Z,7,50,14,9,19,10.264,142
2025-05-04T00:00:00.000Z,7,53,18,10,30,11.767,213
2025-05-05T00:00:00.000Z,8,66,14,12,18,8.918,170
2025-05-06T00:00:00.000Z,4,40,18.5,16,23,6.596,158
2025-05-07T00:00:00.000Z,4,21,9,8,10,2.704,154
2025-05-08T00:00:00.000Z,6,20,15,13,17,3.666,137
2025-05-09T00:00:00.000Z,7,16,12,10,14,2.267,158
2025-05-10T00:00:00.000Z,8,76,18,13,27,11.672,243
2025-05-11T00:00:00.000Z,7,28,16,12,21,5.24,184
2025-05-12T00:00:00.000Z,6,23,10,9,12,3.059,182
2025-05-13T00:00:00.000Z,6,71,13,9,36,15.299,238
2025-05-14T00:00:00.000Z,6,57,19,10,26,11.648,199
2025-05-15T00:00:00.000Z,7,37,13,9,20,7.803,183
2025-05-16T00:00:00.000Z,9,31,15,13,18,4.535,187
2025-05-17T00:00:00.000Z,4,118,16,10,32,30.581,207
2025-05-18T00:00:00.000Z,6,39,14,9,27,9.226,191
2025-05-19T00:00:00.000Z,6,15,9,8,12,2.359,144
2025-05-20T00:00:00.000Z,4,42,9,6,11,5.585,152
2025-05-21T00:00:00.000Z,6,16,10,8,12,2.571,150
2025-05-22T00:00:00.000Z,6,24,14,8,17,4.598,152
2025-05-23T00:00:00.000Z,6,25,11,8,17,4.767,137
2025-05-24T00:00:00.000Z,5,20,13,11,15,3.281,176
2025-05-25T00:00:00.000Z,6,32,11,10,13,3.894,159
2025-05-26T00:00:00.000Z,4,34,8,6,11,6.175,169
2025-05-27T00:00:00.000Z,4,25,11,8,15,4.699,164
2025-05-28T00:00:00.000Z,6,19,12,9,14,2.997,176
2025-05-29T00:00:00.000Z,4,28,12,9,17,5.149,180
2025-05-30T00:00:00.000Z,6,22,13,10,16,3.772,183
2025-05-31T00:00:00.000Z,6,25,15,10,17,4.448,184
2025-06-01T00:00:00.000Z,7,77,16.5,10,20,11.259,204
2025-06-02T00:00:00.000Z,7,34,15,9,23,7.343,193
2025-06-03T00:00:00.000Z,7,55,16,10,22,8.645,156
2025-06-04T00:00:00.000Z,13,40,17,15,20,5.732,142
2025-06-05T00:00:00.000Z,12,22,17,16,19,2.205,87